LocationCode,RegistrarOffice
1000,กรุงเทพมหานคร
1001,ท้องถิ่นเขตพระนคร
1002,ท้องถิ่นเขตดุสิต
1003,ท้องถิ่นเขตหนองจอก
1004,ท้องถิ่นเขตบางรัก
1005,ท้องถิ่นเขตบางเขน
1006,ท้องถิ่นเขตบางกะปิ
1007,ท้องถิ่นเขตปทุมวัน
1008,ท้องถิ่นเขตป้อมปราบศัตรูพ่าย
1009,ท้องถิ่นเขตพระโขนง
1010,ท้องถิ่นเขตมีนบุรี
1011,ท้องถิ่นเขตลาดกระบัง
1012,ท้องถิ่นเขตยานนาวา
1013,ท้องถิ่นเขตสัมพันธวงศ์
1014,ท้องถิ่นเขตพญาไท
1015,ท้องถิ่นเขตธนบุรี
1016,ท้องถิ่นเขตบางกอกใหญ่
1017,ท้องถิ่นเขตห้วยขวาง
1018,ท้องถิ่นเขตคลองสาน
1019,ท้องถิ่นเขตตลิ่งชัน
1020,ท้องถิ่นเขตบางกอกน้อย
1021,ท้องถิ่นเขตบางขุนเทียน
1022,ท้องถิ่นเขตภาษีเจริญ
1023,ท้องถิ่นเขตหนองแขม
1024,ท้องถิ่นเขตราษฎร์บูรณะ
1025,ท้องถิ่นเขตบางพลัด
1026,ท้องถิ่นเขตดินแดง
1027,ท้องถิ่นเขตบึงกุ่ม
1028,ท้องถิ่นเขตสาทร
1029,ท้องถิ่นเขตบางซื่อ
1030,ท้องถิ่นเขตจตุจักร
1031,ท้องถิ่นเขตบางคอแหลม
1032,ท้องถิ่นเขตประเวศ
1033,ท้องถิ่นเขตคลองเตย
1034,ท้องถิ่นเขตสวนหลวง
1035,ท้องถิ่นเขตจอมทอง
1036,ท้องถิ่นเขตดอนเมือง
1037,ท้องถิ่นเขตราชเทวี
1038,ท้องถิ่นเขตลาดพร้าว
1039,ท้องถิ่นเขตวัฒนา
1040,ท้องถิ่นเขตบางแค
1041,ท้องถิ่นเขตหลักสี่
1042,ท้องถิ่นเขตสายไหม
1043,ท้องถิ่นเขตคันนายาว
1044,ท้องถิ่นเขตสะพานสูง
1045,ท้องถิ่นเขตวังทองหลาง
1046,ท้องถิ่นเขตคลองสามวา
1047,ท้องถิ่นเขตบางนา
1048,ท้องถิ่นเขตทวีวัฒนา
1049,ท้องถิ่นเขตทุ่งครุ
1050,ท้องถิ่นเขตบางบอน
1098,สำนักงานปกครองและทะเบียน
1099,สำนักทะเบียนกลาง
1100,จังหวัดสมุทรปราการ
1101,อำเภอเมืองสมุทรปราการ
1102,อำเภอบางบ่อ
1103,อำเภอบางพลี
1104,อำเภอพระประแดง
1105,อำเภอพระสมุทรเจดีย์
1106,อำเภอบางเสาธง
1182,ท้องถิ่นเทศบาลเมืองบางแก้ว
1183,ท้องถิ่นเทศบาลเมืองปากน้ำสมุทรปราการ
1184,ท้องถิ่นเทศบาลตำบลบางเสาธง
1185,ท้องถิ่นเทศบาลตำบลแหลมฟ้าผ่า
1186,ท้องถิ่นเทศบาลตำบลพระสมุทรเจดีย์
1187,ท้องถิ่นเทศบาลตำบลบางพลี
1188,ท้องถิ่นเทศบาลตำบลบางบ่อ
1189,ท้องถิ่นเทศบาลตำบลคลองสวน
1190,ท้องถิ่นเทศบาลตำบลคลองด่าน
1191,ท้องถิ่นเทศบาลตำบลบางปู
1192,ท้องถิ่นเทศบาลตำบลแพรกษา
1193,ท้องถิ่นเทศบาลตำบลบางเมือง
1194,ท้องถิ่นเทศบาลตำบลด่านสำโรง
1195,ท้องถิ่นเทศบาลเมืองปู่เจ้าสมิงพราย
1196,ท้องถิ่นเทศบาลตำบลสำโรงเหนือ
1197,ท้องถิ่นเทศบาลเมืองลัดหลวง
1198,ท้องถิ่นเทศบาลเมืองพระประแดง
1199,ท้องถิ่นเทศบาลนครสมุทรปราการ
1200,จังหวัดนนทบุรี
1201,อำเภอเมืองนนทบุรี
1202,อำเภอบางกรวย
1203,อำเภอบางใหญ่
1204,อำเภอบางบัวทอง
1205,อำเภอไทรน้อย
1206,อำเภอปากเกร็ด
1251,สาขาแขวงท่าทราย อำเภอเมืองนนทบุรี
1284,ท้องถิ่นเทศบาลเมืองบางรักพัฒนา
1285,ท้องถิ่นเทศบาลเมืองบางคูรัด
1286,ท้องถิ่นเทศบาลตำบลเสาธงหิน
1287,ท้องถิ่นเทศบาลตำบลบางพลับ
1288,ท้องถิ่นเทศบาลเมืองพิมลราช
1289,ท้องถิ่นเทศบาลตำบลศาลากลาง
1290,ท้องถิ่นเทศบาลเมืองไทรม้า
1291,ท้องถิ่นเทศบาลตำบลไทรน้อย
1292,ท้องถิ่นเทศบาลตำบลบางใหญ่
1293,ท้องถิ่นเทศบาลตำบลบางม่วง
1294,ท้องถิ่นเทศบาลตำบลปลายบาง
1295,ท้องถิ่นเทศบาลเมืองบางศรีเมือง
1296,ท้องถิ่นเทศบาลเมืองบางกรวย
1297,ท้องถิ่นเทศบาลนครปากเกร็ด
1298,ท้องถิ่นเทศบาลเมืองบางบัวทอง
1299,ท้องถิ่นเทศบาลนครนนทบุรี
1300,จังหวัดปทุมธานี
1301,อำเภอเมืองปทุมธานี
1302,อำเภอคลองหลวง
1303,อำเภอธัญบุรี
1304,อำเภอหนองเสือ
1305,อำเภอลาดหลุมแก้ว
1306,อำเภอลำลูกกา
1307,อำเภอสามโคก
1351,สาขาตำบลคูคต อำเภอลำลูกกา
1379,ท้องถิ่นเทศบาลเมืองลาดสวาย
1380,ท้องถิ่นเทศบาลตำบลบางพูน
1381,ท้องถิ่นเทศบาลตำบลบ้านกลาง
1382,ท้องถิ่นเทศบาลเมืองลำสามแก้ว
1383,ท้องถิ่นเทศบาลเมืองบางคูวัด
1384,ท้องถิ่นเทศบาลเมืองบึงยี่โถ
1385,ท้องถิ่นเทศบาลตำบลหลักหก
1386,ท้องถิ่นเทศบาลเมืองบางกะดี
1387,ท้องถิ่นเทศบาลตำบลบางเตย
1388,ท้องถิ่นเทศบาลตำบลลำลูกกา
1389,ท้องถิ่นเทศบาลตำบลลำไทร
1390,ท้องถิ่นเทศบาลตำบลระแหง
1391,ท้องถิ่นเทศบาลตำบลหนองเสือ
1392,ท้องถิ่นเทศบาลเมืองสนั่นรักษ์
1393,ท้องถิ่นเทศบาลตำบลธัญบุรี
1394,ท้องถิ่นเทศบาลเมืองคลองหลวง
1395,ท้องถิ่นเทศบาลตำบลบางหลวง
1396,ท้องถิ่นเทศบาลเมืองท่าโขลง
1397,ท้องถิ่นเทศบาลเมืองคูคต
1398,ท้องถิ่นเทศบาลนครรังสิต
1399,ท้องถิ่นเทศบาลเมืองปทุมธานี
1400,จังหวัดพระนครศรีอยุธยา
1401,อำเภอพระนครศรีอยุธยา
1402,อำเภอท่าเรือ
1403,อำเภอนครหลวง
1404,อำเภอบางไทร
1405,อำเภอบางบาล
1406,อำเภอบางปะอิน
1407,อำเภอบางปะหัน
1408,อำเภอผักไห่
1409,อำเภอภาชี
1410,อำเภอลาดบัวหลวง
1411,อำเภอวังน้อย
1412,อำเภอเสนา
1413,อำเภอบางซ้าย
1414,อำเภออุทัย
1415,อำเภอมหาราช
1416,อำเภอบ้านแพรก
1465,ท้องถิ่นเทศบาลเมืองบ้านกรด
1466,ท้องถิ่นเทศบาลตำบลสามเมือง
1467,ท้องถิ่นเทศบาลตำบลสามกอ
1468,ท้องถิ่นเทศบาลตำบลบางนมโค
1469,ท้องถิ่นเทศบาลตำบลบางกระสั้น
1470,ท้องถิ่นเทศบาลตำบลเชียงรากน้อย
1471,ท้องถิ่นเทศบาลตำบลคลองจิก
1472,ท้องถิ่นเทศบาลตำบลปราสาททอง
1473,ท้องถิ่นเทศบาลตำบลบ้านแพรก
1474,ท้องถิ่นเทศบาลตำบลโรงช้าง
1475,ท้องถิ่นเทศบาลตำบลมหาราช
1476,ท้องถิ่นเทศบาลตำบลอุทัย
1477,ท้องถิ่นเทศบาลตำบลบางซ้าย
1478,ท้องถิ่นเทศบาลตำบลหัวเวียง
1479,ท้องถิ่นเทศบาลเมืองลำตาเสา
1480,ท้องถิ่นเทศบาลตำบลลาดบัวหลวง
1481,ท้องถิ่นเทศบาลตำบลภาชี
1482,ท้องถิ่นเทศบาลตำบลลาดชะโด
1483,ท้องถิ่นเทศบาลเมืองผักไห่
1484,ท้องถิ่นเทศบาลตำบลพระอินทราชา
1485,ท้องถิ่นเทศบาลตำบลบ้านสร้าง
1486,ท้องถิ่นเทศบาลตำบลบางปะอิน
1487,ท้องถิ่นเทศบาลตำบลบางปะหัน
1488,ท้องถิ่นเทศบาลตำบลมหาพราหมณ์
1489,ท้องถิ่นเทศบาลตำบลบางบาล
1490,ท้องถิ่นเทศบาลตำบลราชคราม
1491,ท้องถิ่นเทศบาลตำบลบางไทร
1492,ท้องถิ่นเทศบาลตำบลอรัญญิก
1493,ท้องถิ่นเทศบาลตำบลนครหลวง
1494,ท้องถิ่นเทศบาลตำบลท่าหลวง
1495,ท้องถิ่นเทศบาลเมืองอโยธยา
1496,ท้องถิ่นเทศบาลตำบลเจ้าเจ็ด
1497,ท้องถิ่นเทศบาลตำบลท่าเรือ
1498,ท้องถิ่นเทศบาลเมืองเสนา
1499,ท้องถิ่นเทศบาลนครพระนครศรีอยุธยา
1500,จังหวัดอ่างทอง
1501,อำเภอเมืองอ่างทอง
1502,อำเภอไชโย
1503,อำเภอป่าโมก
1504,อำเภอโพธิ์ทอง
1505,อำเภอแสวงหา
1506,อำเภอวิเศษชัยชาญ
1507,อำเภอสามโก้
1588,ท้องถิ่นเทศบาลตำบลโพสะ
1589,ท้องถิ่นเทศบาลตำบลศาลาแดง
1590,ท้องถิ่นเทศบาลตำบลสามโก้
1591,ท้องถิ่นเทศบาลตำบลวิเศษไชยชาญ
1592,ท้องถิ่นเทศบาลตำบลบางจัก
1593,ท้องถิ่นเทศบาลตำบลแสวงหา
1594,ท้องถิ่นเทศบาลตำบลรำมะสัก
1595,ท้องถิ่นเทศบาลตำบลโพธิ์ทอง
1596,ท้องถิ่นเทศบาลตำบลไชโย
1597,ท้องถิ่นเทศบาลตำบลเกษไชโย
1598,ท้องถิ่นเทศบาลตำบลป่าโมก
1599,ท้องถิ่นเทศบาลเมืองอ่างทอง
1600,จังหวัดลพบุรี
1601,อำเภอเมืองลพบุรี
1602,อำเภอพัฒนานิคม
1603,อำเภอโคกสำโรง
1604,อำเภอชัยบาดาล
1605,อำเภอท่าวุ้ง
1606,อำเภอบ้านหมี่
1607,อำเภอท่าหลวง
1608,อำเภอสระโบสถ์
1609,อำเภอโคกเจริญ
1610,อำเภอลำสนธิ
1611,อำเภอหนองม่วง
1681,ท้องถิ่นเทศบาลตำบลกกโก
1682,ท้องถิ่นเทศบาลตำบลถนนใหญ่
1683,ท้องถิ่นเทศบาลเมืองเขาสามยอด
1684,ท้องถิ่นเทศบาลตำบลท่าศาลา
1685,ท้องถิ่นเทศบาลตำบลดีลัง
1686,ท้องถิ่นเทศบาลตำบลเขาพระงาม
1687,ท้องถิ่นเทศบาลตำบลหนองม่วง
1688,ท้องถิ่นเทศบาลตำบลสระโบสถ์
1689,ท้องถิ่นเทศบาลตำบลบ้านท่าหลวง
1690,ท้องถิ่นเทศบาลตำบลท่าวุ้ง
1691,ท้องถิ่นเทศบาลตำบลท่าโขลง
1692,ท้องถิ่นเทศบาลตำบลลำนารายณ์
1693,ท้องถิ่นเทศบาลตำบลหนองม่วง
1694,ท้องถิ่นเทศบาลตำบลพัฒนานิคม
1695,ท้องถิ่นเทศบาลตำบลแก่งเสือเต้น
1696,ท้องถิ่นเทศบาลตำบลโคกตูม
1697,ท้องถิ่นเทศบาลตำบลโคกสำโรง
1698,ท้องถิ่นเทศบาลเมืองบ้านหมี่
1699,ท้องถิ่นเทศบาลเมืองลพบุรี
1700,จังหวัดสิงห์บุรี
1701,อำเภอเมืองสิงห์บุรี
1702,อำเภอบางระจัน
1703,อำเภอค่ายบางระจัน
1704,อำเภอพรหมบุรี
1705,อำเภอท่าช้าง
1706,อำเภออินทร์บุรี
1793,ท้องถิ่นเทศบาลตำบลอินทร์บุรี
1794,ท้องถิ่นเทศบาลตำบลถอนสมอ
1795,ท้องถิ่นเทศบาลตำบลพรหมบุรี
1796,ท้องถิ่นเทศบาลตำบลบางน้ำเชี่ยว
1797,ท้องถิ่นเทศบาลตำบลโพสังโฆ
1798,ท้องถิ่นเทศบาลเมืองบางระจัน
1799,ท้องถิ่นเทศบาลเมืองสิงห์บุรี
1800,จังหวัดชัยนาท
1801,อำเภอเมืองชัยนาท
1802,อำเภอมโนรมย์
1803,อำเภอวัดสิงห์
1804,อำเภอสรรพยา
1805,อำเภอสรรคบุรี
1806,อำเภอหันคา
1807,อำเภอหนองมะโมง
1808,อำเภอเนินขาม
1809,กิ่งอำเภอศรีหนองแซง
1880,ท้องถิ่นเทศบาลตำบลบางหลวง
1881,ท้องถิ่นเทศบาลตำบลนางลือ
1882,ท้องถิ่นเทศบาลตำบลเสือโฮก
1883,ท้องถิ่นเทศบาลตำบลหาดท่าเสา
1884,ท้องถิ่นเทศบาลตำบลชัยนาท
1885,ท้องถิ่นเทศบาลตำบลบ้านกล้วย
1886,ท้องถิ่นเทศบาลตำบลสรรคบุรี
1887,ท้องถิ่นเทศบาลตำบลหนองแซง
1888,ท้องถิ่นเทศบาลตำบลดงคอน
1889,ท้องถิ่นเทศบาลตำบลวังตะเคียน
1890,ท้องถิ่นเทศบาลตำบลเนินขาม
1891,ท้องถิ่นเทศบาลตำบลหันคา
1892,ท้องถิ่นเทศบาลตำบลสามง่ามท่าโบสถ์
1893,ท้องถิ่นเทศบาลตำบลแพรกศรีราชา
1894,ท้องถิ่นเทศบาลตำบลสรรพยา
1895,ท้องถิ่นเทศบาลตำบลโพธิ์พิทักษ์
1896,ท้องถิ่นเทศบาลตำบลหางน้ำสาคร
1897,ท้องถิ่นเทศบาลตำบลคุ้งสำเภา
1898,ท้องถิ่นเทศบาลตำบลวัดสิงห์
1899,ท้องถิ่นเทศบาลเมืองชัยนาท
1900,จังหวัดสระบุรี
1901,อำเภอเมืองสระบุรี
1902,อำเภอแก่งคอย
1903,อำเภอหนองแค
1904,อำเภอวิหารแดง
1905,อำเภอหนองแซง
1906,อำเภอบ้านหมอ
1907,อำเภอดอนพุด
1908,อำเภอหนองโดน
1909,อำเภอพระพุทธบาท
1910,อำเภอเสาไห้
1911,อำเภอมวกเหล็ก
1912,อำเภอวังม่วง
1913,อำเภอเฉลิมพระเกียรติ
1974,ท้องถิ่นเทศบาลตำบลพุกร่าง
1975,ท้องถิ่นเทศบาลตำบลคำพราน
1976,ท้องถิ่นเทศบาลตำบลไผ่ต่ำ
1977,ท้องถิ่นเทศบาลตำบลตะกุด
1978,ท้องถิ่นเทศบาลตำบลกุดนกเปล้า
1979,ท้องถิ่นเทศบาลตำบลหน้าพระลาน
1980,ท้องถิ่นเทศบาลตำบลวังม่วง
1981,ท้องถิ่นเทศบาลตำบลมวกเหล็ก
1982,ท้องถิ่นเทศบาลตำบลเสาไห้
1983,ท้องถิ่นเทศบาลตำบลสวนดอกไม้
1984,ท้องถิ่นเทศบาลตำบลบ้านยาง
1985,ท้องถิ่นเทศบาลตำบลหนองโดน
1986,ท้องถิ่นเทศบาลตำบลดอนพุด
1987,ท้องถิ่นเทศบาลตำบลบ้านหมอ
1988,ท้องถิ่นเทศบาลตำบลท่าลาน
1989,ท้องถิ่นเทศบาลตำบลหนองแซง
1990,ท้องถิ่นเทศบาลตำบลหนองหมู
1991,ท้องถิ่นเทศบาลตำบลวิหารแดง
1992,ท้องถิ่นเทศบาลตำบลหินกอง
1993,ท้องถิ่นเทศบาลตำบลคชสิทธิ์
1994,ท้องถิ่นเทศบาลเมืองทับกวาง
1995,ท้องถิ่นเทศบาลตำบลป๊อกแป๊ก
1996,ท้องถิ่นเทศบาลเมืองพระพุทธบาท
1997,ท้องถิ่นเทศบาลตำบลหนองแค
1998,ท้องถิ่นเทศบาลเมืองแก่งคอย
1999,ท้องถิ่นเทศบาลเมืองสระบุรี
2000,จังหวัดชลบุรี
2001,อำเภอเมืองชลบุรี
2002,อำเภอบ้านบึง
2003,อำเภอหนองใหญ่
2004,อำเภอบางละมุง
2005,อำเภอพานทอง
2006,อำเภอพนัสนิคม
2007,อำเภอศรีราชา
2008,อำเภอเกาะสีชัง
2009,อำเภอสัตหีบ
2010,อำเภอบ่อทอง
2011,อำเภอเกาะจันทร์
2051,สาขาตำบลบางเสร่
2059,ท้องถิ่นเทศบาลเมืองปรกฟ้า
2060,ท้องถิ่นเทศบาลตำบลเกล็ดแก้ว
2061,ท้องถิ่นเทศบาลตำบลเขตรอุดมศักดิ์
2062,ท้องถิ่นเทศบาลตำบลหนองชาก
2063,ท้องถิ่นเทศบาลตำบลหมอนนาง
2064,ท้องถิ่นเทศบาลตำบลตะเคียนเตี้ย
2065,ท้องถิ่นเทศบาลตำบลเสม็ด
2066,ท้องถิ่นเทศบาลตำบลดอนหัวฬ่อ
2067,ท้องถิ่นเทศบาลตำบลห้วยกะปิ
2068,ท้องถิ่นเทศบาลตำบลนาป่า
2069,ท้องถิ่นเทศบาลตำบลหนองไม้แดง
2070,ท้องถิ่นเทศบาลตำบลธาตุทอง
2071,ท้องถิ่นเทศบาลตำบลโป่ง
2072,ท้องถิ่นเทศบาลเมืองหนองปรือ
2073,ท้องถิ่นเทศบาลตำบลท่าบุญมี
2074,ท้องถิ่นเทศบาลตำบลเกาะจันทร์
2075,ท้องถิ่นเทศบาลตำบลบ่อทอง
2076,ท้องถิ่นเทศบาลเมืองสัตหีบ
2077,ท้องถิ่นเทศบาลตำบลบางเสร่
2078,ท้องถิ่นเทศบาลตำบลนาจอมเทียน
2079,ท้องถิ่นเทศบาลตำบลเกาะสีชัง
2080,ท้องถิ่นเทศบาลนครเจ้าพระยาสุรศักดิ์
2081,ท้องถิ่นเทศบาลตำบลบางพระ
2082,ท้องถิ่นเทศบาลตำบลหนองตำลึง
2083,ท้องถิ่นเทศบาลตำบลพานทอง
2084,ท้องถิ่นเทศบาลตำบลห้วยใหญ่
2085,ท้องถิ่นเทศบาลตำบลบางละมุง
2086,ท้องถิ่นเทศบาลตำบลหนองใหญ่
2087,ท้องถิ่นเทศบาลตำบลหัวกุญแจ
2088,ท้องถิ่นเทศบาลตำบลหนองไผ่แก้ว
2089,ท้องถิ่นเทศบาลเมืองอ่างศิลา
2090,ท้องถิ่นเทศบาลเมืองบ้านสวน
2091,ท้องถิ่นเทศบาลตำบลบางทราย
2092,ท้องถิ่นเทศบาลตำบลคลองตำหรุ
2093,ท้องถิ่นเทศบาลนครแหลมฉบัง
2094,ท้องถิ่นเทศบาลเมืองแสนสุข
2095,ท้องถิ่นเทศบาลเมืองบ้านบึง
2096,ท้องถิ่นเมืองพัทยา
2097,ท้องถิ่นเทศบาลเมืองศรีราชา
2098,ท้องถิ่นเทศบาลเมืองพนัสนิคม
2099,ท้องถิ่นเทศบาลเมืองชลบุรี
2100,จังหวัดระยอง
2101,อำเภอเมืองระยอง
2102,อำเภอบ้านฉาง
2103,อำเภอแกลง
2104,อำเภอวังจันทร์
2105,อำเภอบ้านค่าย
2106,อำเภอปลวกแดง
2107,อำเภอเขาชะเมา
2108,อำเภอนิคมพัฒนา
2109,กิ่งอำเภอสุนทรภู่
2151,สาขาตำบลมาบข่า
2177,ท้องถิ่นเทศบาลตำบลพลา
2178,ท้องถิ่นเทศบาลตำบลเนินฆ้อ
2179,ท้องถิ่นเทศบาลตำบลทับมา
2180,ท้องถิ่นเทศบาลตำบลบ้านนา
2181,ท้องถิ่นเทศบาลตำบลมาบข่าพัฒนา
2182,ท้องถิ่นเทศบาลตำบลบ้านฉาง
2183,ท้องถิ่นเทศบาลตำบลมะขามคู่
2184,ท้องถิ่นเทศบาลตำบลนิคมพัฒนา
2185,ท้องถิ่นเทศบาลตำบลบ้านปลวกแดง
2186,ท้องถิ่นเทศบาลตำบลจอมพลเจ้าพระยา
2187,ท้องถิ่นเทศบาลตำบลบ้านค่าย
2188,ท้องถิ่นเทศบาลตำบลชุมแสง
2189,ท้องถิ่นเทศบาลตำบลสุนทรภู่
2190,ท้องถิ่นเทศบาลตำบลปากน้ำประแส
2191,ท้องถิ่นเทศบาลตำบลทุ่งควายกิน
2192,ท้องถิ่นเทศบาลตำบลกองดิน
2193,ท้องถิ่นเทศบาลตำบลสำนักท้อน
2194,ท้องถิ่นเทศบาลเมืองบ้านฉาง
2195,ท้องถิ่นเทศบาลตำบลบ้านเพ
2196,ท้องถิ่นเทศบาลตำบลแกลงกะเฉด
2197,ท้องถิ่นเทศบาลเมืองมาบตาพุด
2198,ท้องถิ่นเทศบาลตำบลเมืองแกลง
2199,ท้องถิ่นเทศบาลนครระยอง
2200,จังหวัดจันทบุรี
2201,อำเภอเมืองจันทบุรี
2202,อำเภอขลุง
2203,อำเภอท่าใหม่
2204,อำเภอโป่งน้ำร้อน
2205,อำเภอมะขาม
2206,อำเภอแหลมสิงห์
2207,อำเภอสอยดาว
2208,อำเภอแก่งหางแมว
2209,อำเภอนายายอาม
2210,อำเภอเขาคิชฌกูฏ
2272,ท้องถิ่นเทศบาลตำบลเขาบายศรี
2273,ท้องถิ่นเทศบาลตำบลคลองใหญ่
2274,ท้องถิ่นเทศบาลตำบลหนองตาคง
2275,ท้องถิ่นเทศบาลตำบลตกพรม
2276,ท้องถิ่นเทศบาลตำบลเกวียนหัก
2277,ท้องถิ่นเทศบาลตำบลบ่อ
2278,ท้องถิ่นเทศบาลตำบลชากไทย
2279,ท้องถิ่นเทศบาลตำบลตะเคียนทอง
2280,ท้องถิ่นเทศบาลตำบลเกาะขวาง
2281,ท้องถิ่นเทศบาลตำบลบ่อเวฬุ
2282,ท้องถิ่นเทศบาลตำบลพลวง
2283,ท้องถิ่นเทศบาลตำบลทับช้าง
2284,ท้องถิ่นเทศบาลตำบลนายายอาม
2285,ท้องถิ่นเทศบาลตำบลสอยดาว
2286,ท้องถิ่นเทศบาลตำบลพลิ้ว
2287,ท้องถิ่นเทศบาลตำบลปากน้ำแหลมสิงห์
2288,ท้องถิ่นเทศบาลตำบลมะขาม
2289,ท้องถิ่นเทศบาลตำบลโป่งน้ำร้อน
2290,ท้องถิ่นเทศบาลตำบลหนองคล้า
2291,ท้องถิ่นเทศบาลตำบลเนินสูง
2292,ท้องถิ่นเทศบาลตำบลหนองบัว
2293,ท้องถิ่นเทศบาลตำบลพลับพลานารายณ์
2294,ท้องถิ่นเทศบาลตำบลบางกะจะ
2295,ท้องถิ่นเทศบาลเมืองท่าช้าง
2296,ท้องถิ่นเทศบาลเมืองจันทนิมิต
2297,ท้องถิ่นเทศบาลเมืองขลุง
2298,ท้องถิ่นเทศบาลเมืองท่าใหม่
2299,ท้องถิ่นเทศบาลเมืองจันทบุรี
2300,จังหวัดตราด
2301,อำเภอเมืองตราด
2302,อำเภอคลองใหญ่
2303,อำเภอเขาสมิง
2304,อำเภอบ่อไร่
2305,อำเภอแหลมงอบ
2306,อำเภอเกาะกูด
2307,อำเภอเกาะช้าง
2308,กิ่งอำเภอราชการุณย์
2389,ท้องถิ่นเทศบาลตำบลตะกาง
2390,ท้องถิ่นเทศบาลตำบลหนองบอน
2391,ท้องถิ่นเทศบาลตำบลแหลมงอบ
2392,ท้องถิ่นเทศบาลตำบลน้ำเชี่ยว
2393,ท้องถิ่นเทศบาลตำบลบ่อพลอย
2394,ท้องถิ่นเทศบาลตำบลแสนตุ้ง
2395,ท้องถิ่นเทศบาลตำบลเขาสมิง
2396,ท้องถิ่นเทศบาลตำบลหาดเล็ก
2397,ท้องถิ่นเทศบาลตำบลคลองใหญ่
2398,ท้องถิ่นเทศบาลตำบลท่าพริกเนินทราย
2399,ท้องถิ่นเทศบาลเมืองตราด
2400,จังหวัดฉะเชิงเทรา
2401,อำเภอเมืองฉะเชิงเทรา
2402,อำเภอบางคล้า
2403,อำเภอบางน้ำเปรี้ยว
2404,อำเภอบางปะกง
2405,อำเภอบ้านโพธิ์
2406,อำเภอพนมสารคาม
2407,อำเภอราชสาส์น
2408,อำเภอสนามชัยเขต
2409,อำเภอแปลงยาว
2410,อำเภอท่าตะเกียบ
2411,อำเภอคลองเขื่อน
2412,กิ่งอำเภอบุรีรมย์
2413,กิ่งอำเภอดอนฉิมพลี
2474,ท้องถิ่นเทศบาลตำบลบางวัวคณารักษ์
2475,ท้องถิ่นเทศบาลตำบลพิมพา
2476,ท้องถิ่นเทศบาลตำบลวังเย็น
2477,ท้องถิ่นเทศบาลตำบลดอนเกาะกา
2478,ท้องถิ่นเทศบาลตำบลหัวสำโรง
2479,ท้องถิ่นเทศบาลตำบลแปลงยาว
2480,ท้องถิ่นเทศบาลตำบลทุ่งสะเดา
2481,ท้องถิ่นเทศบาลตำบลสนามชัยเขต
2482,ท้องถิ่นเทศบาลตำบลพนมสารคาม
2483,ท้องถิ่นเทศบาลตำบลเขาหินซ้อน
2484,ท้องถิ่นเทศบาลตำบลเกาะขนุน
2485,ท้องถิ่นเทศบาลตำบลบ้านโพธิ์
2486,ท้องถิ่นเทศบาลตำบลเทพราช
2487,ท้องถิ่นเทศบาลตำบลบางวัว
2488,ท้องถิ่นเทศบาลตำบลบางปะกง
2489,ท้องถิ่นเทศบาลตำบลหอมศีล
2490,ท้องถิ่นเทศบาลตำบลท่าสะอ้าน
2491,ท้องถิ่นเทศบาลตำบลท่าข้าม
2492,ท้องถิ่นเทศบาลตำบลศาลาแดง
2493,ท้องถิ่นเทศบาลตำบลบางน้ำเปรี้ยว
2494,ท้องถิ่นเทศบาลตำบลบางขนาก
2495,ท้องถิ่นเทศบาลตำบลดอนฉิมพลี
2496,ท้องถิ่นเทศบาลตำบลปากน้ำ
2497,ท้องถิ่นเทศบาลตำบลนครเนื่องเขต
2498,ท้องถิ่นเทศบาลตำบลบางคล้า
2499,ท้องถิ่นเทศบาลเมืองฉะเชิงเทรา
2500,จังหวัดปราจีนบุรี
2501,อำเภอเมืองปราจีนบุรี
2502,อำเภอกบินทร์บุรี
2503,อำเภอนาดี
2504,อำเภอสระแก้ว
2505,อำเภอวังน้ำเย็น
2506,อำเภอบ้านสร้าง
2507,อำเภอประจันตคาม
2508,อำเภอศรีมหาโพธิ
2509,อำเภอศรีมโหสถ
2510,อำเภออรัญประเทศ
2511,อำเภอตาพระยา
2512,อำเภอวัฒนานคร
2513,อำเภอคลองหาด
2514,กิ่งอำเภอวังตะเคียน
2515,กิ่งอำเภอทุ่งโพธิ์
2587,ท้องถิ่นเทศบาลตำบลโคกมะกอก
2588,ท้องถิ่นเทศบาลตำบลโคกปีบ
2589,ท้องถิ่นเทศบาลตำบลศรีมหาโพธิ
2590,ท้องถิ่นเทศบาลตำบลกรอกสมบูรณ์
2591,ท้องถิ่นเทศบาลตำบลประจันตคาม
2592,ท้องถิ่นเทศบาลตำบลบ้านสร้าง
2593,ท้องถิ่นเทศบาลตำบลนาดี
2594,ท้องถิ่นเทศบาลตำบลสระบัว
2595,ท้องถิ่นเทศบาลตำบลเมืองเก่า
2596,ท้องถิ่นเทศบาลตำบลบ้านนาปรือ
2597,ท้องถิ่นเทศบาลตำบลอรัญญประเทศ
2598,ท้องถิ่นเทศบาลตำบลกบินทร์
2599,ท้องถิ่นเทศบาลเมืองปราจีนบุรี
2600,จังหวัดนครนายก
2601,อำเภอเมืองนครนายก
2602,อำเภอปากพลี
2603,อำเภอบ้านนา
2604,อำเภอองครักษ์
2695,ท้องถิ่นเทศบาลตำบลองครักษ์
2696,ท้องถิ่นเทศบาลตำบลบ้านนา
2697,ท้องถิ่นเทศบาลตำบลเกาะหวาย
2698,ท้องถิ่นเทศบาลตำบลท่าช้าง
2699,ท้องถิ่นเทศบาลเมืองนครนายก
2700,จังหวัดสระแก้ว
2701,อำเภอเมืองสระแก้ว
2702,อำเภอคลองหาด
2703,อำเภอตาพระยา
2704,อำเภอวังน้ำเย็น
2705,อำเภอวัฒนานคร
2706,อำเภออรัญประเทศ
2707,อำเภอเขาฉกรรจ์
2708,อำเภอโคกสูง
2709,อำเภอวังสมบูรณ์
2791,ท้องถิ่นเทศบาลตำบลวังสมบูรณ์
2792,ท้องถิ่นเทศบาลตำบลเขาฉกรรจ์
2793,ท้องถิ่นเทศบาลตำบลวัฒนานคร
2794,ท้องถิ่นเทศบาลเมืองวังน้ำเย็น
2795,ท้องถิ่นเทศบาลตำบลตาพระยา
2796,ท้องถิ่นเทศบาลตำบลศาลาลำดวน
2797,ท้องถิ่นเทศบาลตำบลท่าเกษม
2798,ท้องถิ่นเทศบาลเมืองอรัญญประเทศ
2799,ท้องถิ่นเทศบาลเมืองสระแก้ว
3000,จังหวัดนครราชสีมา
3001,อำเภอเมืองนครราชสีมา
3002,อำเภอครบุรี
3003,อำเภอเสิงสาง
3004,อำเภอคง
3005,อำเภอบ้านเหลื่อม
3006,อำเภอจักราช
3007,อำเภอโชคชัย
3008,อำเภอด่านขุนทด
3009,อำเภอโนนไทย
3010,อำเภอโนนสูง
3011,อำเภอขามสะแกแสง
3012,อำเภอบัวใหญ่
3013,อำเภอประทาย
3014,อำเภอปักธงชัย
3015,อำเภอพิมาย
3016,อำเภอห้วยแถลง
3017,อำเภอชุมพวง
3018,อำเภอสูงเนิน
3019,อำเภอขามทะเลสอ
3020,อำเภอสีคิ้ว
3021,อำเภอปากช่อง
3022,อำเภอหนองบุญมาก
3023,อำเภอแก้งสนามนาง
3024,อำเภอโนนแดง
3025,อำเภอวังน้ำเขียว
3026,อำเภอเทพารักษ์
3027,อำเภอเมืองยาง
3028,อำเภอพระทองคำ
3029,อำเภอลำทะเมนชัย
3030,อำเภอบัวลาย
3031,อำเภอสีดา
3032,อำเภอเฉลิมพระเกียรติ
3033,กิ่งอำเภอเขาใหญ่
3034,กิ่งอำเภอนครจันทึก
3035,กิ่งอำเภอวังเพชร
3036,กิ่งอำเภอห้วยบง
3037,ท้องถิ่นเทศบาลตำบลเมืองยาง
3038,ท้องถิ่นเทศบาลตำบลหนองน้ำใส
3039,ท้องถิ่นเทศบาลตำบลด่านคล้า
3040,ท้องถิ่นเทศบาลตำบลใหม่
3041,ท้องถิ่นเทศบาลตำบลหนองบัวตะเกียด
3042,ท้องถิ่นเทศบาลตำบลบัลลังก์
3043,ท้องถิ่นเทศบาลตำบลหนองไข่น้ำ
3044,ท้องถิ่นเทศบาลตำบลท่าเยี่ยม
3045,ท้องถิ่นเทศบาลตำบลสีมามงคล
3046,ท้องถิ่นเทศบาลตำบลลำนางแก้ว
3047,ท้องถิ่นเทศบาลตำบลดอนหวาย
3048,ท้องถิ่นเทศบาลตำบลหมูสี
3049,ท้องถิ่นเทศบาลตำบลโพธิ์กลาง
3050,ท้องถิ่นเทศบาลตำบลหัวทะเล
3051,ท้องถิ่นเทศบาลตำบลวังไทร
3052,ท้องถิ่นเทศบาลตำบลปรุใหญ่
3053,ท้องถิ่นเทศบาลตำบลหนองไผ่ล้อม
3054,ท้องถิ่นเทศบาลตำบลท่าช้าง
3055,ท้องถิ่นเทศบาลตำบลสีดา
3056,ท้องถิ่นเทศบาลตำบลหนองบัวลาย
3057,ท้องถิ่นเทศบาลตำบลหนองบัววง
3058,ท้องถิ่นเทศบาลตำบลพระทองคำ
3059,ท้องถิ่นเทศบาลตำบลศาลเจ้าพ่อ
3060,ท้องถิ่นเทศบาลตำบลโนนแดง
3061,ท้องถิ่นเทศบาลตำบลกลางดง
3062,ท้องถิ่นเทศบาลเมืองสีคิ้ว
3063,ท้องถิ่นเทศบาลตำบลลาดบัวขาว
3064,ท้องถิ่นเทศบาลตำบลคลองไผ่
3065,ท้องถิ่นเทศบาลตำบลขามทะเลสอ
3066,ท้องถิ่นเทศบาลตำบลสูงเนิน
3067,ท้องถิ่นเทศบาลตำบลกุดจิก
3068,ท้องถิ่นเทศบาลตำบลชุมพวง
3069,ท้องถิ่นเทศบาลตำบลหินดาด
3070,ท้องถิ่นเทศบาลตำบลห้วยแถลง
3071,ท้องถิ่นเทศบาลตำบลพิมาย
3072,ท้องถิ่นเทศบาลเมืองเมืองปัก
3073,ท้องถิ่นเทศบาลตำบลตะขบ
3074,ท้องถิ่นเทศบาลตำบลประทาย
3075,ท้องถิ่นเทศบาลตำบลหนองหัวฟาน
3076,ท้องถิ่นเทศบาลตำบลขามสะแกแสง
3077,ท้องถิ่นเทศบาลตำบลมะค่า
3078,ท้องถิ่นเทศบาลตำบลตลาดแค
3079,ท้องถิ่นเทศบาลตำบลโนนไทย
3080,ท้องถิ่นเทศบาลตำบลโคกสวาย
3081,ท้องถิ่นเทศบาลตำบลหนองกราด
3082,ท้องถิ่นเทศบาลตำบลด่านขุนทด
3083,ท้องถิ่นเทศบาลตำบลด่านเกวียน
3084,ท้องถิ่นเทศบาลตำบลโชคชัย
3085,ท้องถิ่นเทศบาลตำบลจักราช
3086,ท้องถิ่นเทศบาลตำบลบ้านเหลื่อม
3087,ท้องถิ่นเทศบาลตำบลเมืองคง
3088,ท้องถิ่นเทศบาลตำบลเทพาลัย
3089,ท้องถิ่นเทศบาลตำบลเสิงสาง
3090,ท้องถิ่นเทศบาลตำบลโนนสมบูรณ์
3091,ท้องถิ่นเทศบาลตำบลไทรโยง-ไชยวาล
3092,ท้องถิ่นเทศบาลตำบลแชะ
3093,ท้องถิ่นเทศบาลตำบลจระเข้หิน
3094,ท้องถิ่นเทศบาลตำบลจอหอ
3095,ท้องถิ่นเทศบาลตำบลโคกกรวด
3096,ท้องถิ่นเทศบาลตำบลโนนสูง
3097,ท้องถิ่นเทศบาลเมืองบัวใหญ่
3098,ท้องถิ่นเทศบาลเมืองปากช่อง
3099,ท้องถิ่นเทศบาลนครนครราชสีมา
3100,จังหวัดบุรีรัมย์
3101,อำเภอเมืองบุรีรัมย์
3102,อำเภอคูเมือง
3103,อำเภอกระสัง
3104,อำเภอนางรอง
3105,อำเภอหนองกี่
3106,อำเภอละหานทราย
3107,อำเภอประโคนชัย
3108,อำเภอบ้านกรวด
3109,อำเภอพุทไธสง
3110,อำเภอลำปลายมาศ
3111,อำเภอสตึก
3112,อำเภอปะคำ
3113,อำเภอนาโพธิ์
3114,อำเภอหนองหงส์
3115,อำเภอพลับพลาชัย
3116,อำเภอห้วยราช
3117,อำเภอโนนสุวรรณ
3118,อำเภอชำนิ
3119,อำเภอบ้านใหม่ไชยพจน์
3120,อำเภอโนนดินแดง
3121,อำเภอบ้านด่าน
3122,อำเภอแคนดง
3123,อำเภอเฉลิมพระเกียรติ
3124,กิ่งอำเภอปราสาทเมืองต่ำ
3162,ท้องถิ่นเทศบาลตำบลจันดุม
3163,ท้องถิ่นเทศบาลตำบลห้วยหิน
3164,ท้องถิ่นเทศบาลตำบลสำโรงใหม่
3165,ท้องถิ่นเทศบาลตำบลจันทบเพชร
3166,ท้องถิ่นเทศบาลตำบลหนองแวง
3167,ท้องถิ่นเทศบาลตำบลหนองไม้งาม
3168,ท้องถิ่นเทศบาลตำบลบ้านกรวดปัญญาวัฒน์
3169,ท้องถิ่นเทศบาลตำบลบ้านด่าน
3170,ท้องถิ่นเทศบาลตำบลถาวร
3171,ท้องถิ่นเทศบาลตำบลยายแย้มวัฒนา
3172,ท้องถิ่นเทศบาลตำบลอิสาณ
3173,ท้องถิ่นเทศบาลตำบลโกรกแก้ว
3174,ท้องถิ่นเทศบาลตำบลศาลเจ้าพ่อขุนศรี
3175,ท้องถิ่นเทศบาลตำบลตาจง
3176,ท้องถิ่นเทศบาลตำบลพนมรุ้ง
3177,ท้องถิ่นเทศบาลตำบลแคนดง
3178,ท้องถิ่นเทศบาลตำบลโนนดินแดง
3179,ท้องถิ่นเทศบาลตำบลบ้านใหม่ไชยพจน์
3180,ท้องถิ่นเทศบาลตำบลโนนสุวรรณ
3181,ท้องถิ่นเทศบาลตำบลห้วยราช
3182,ท้องถิ่นเทศบาลตำบลพลับพลาชัย
3183,ท้องถิ่นเทศบาลตำบลหนองหงส์
3184,ท้องถิ่นเทศบาลตำบลนาโพธิ์
3185,ท้องถิ่นเทศบาลตำบลปะคำ
3186,ท้องถิ่นเทศบาลตำบลสตึก
3187,ท้องถิ่นเทศบาลตำบลลำปลายมาศ
3188,ท้องถิ่นเทศบาลตำบลทะเมนชัย
3189,ท้องถิ่นเทศบาลตำบลพุทไธสง
3190,ท้องถิ่นเทศบาลตำบลบ้านกรวด
3191,ท้องถิ่นเทศบาลตำบลตลาดนิคมปราสาท
3192,ท้องถิ่นเทศบาลตำบลประโคนชัย
3193,ท้องถิ่นเทศบาลตำบลละหานทราย
3194,ท้องถิ่นเทศบาลตำบลหนองกี่
3195,ท้องถิ่นเทศบาลตำบลกระสัง
3196,ท้องถิ่นเทศบาลตำบลหินเหล็กไฟ
3197,ท้องถิ่นเทศบาลตำบลคูเมือง
3198,ท้องถิ่นเทศบาลเมืองนางรอง
3199,ท้องถิ่นเทศบาลเมืองบุรีรัมย์
3200,จังหวัดสุรินทร์
3201,อำเภอเมืองสุรินทร์
3202,อำเภอชุมพลบุรี
3203,อำเภอท่าตูม
3204,อำเภอจอมพระ
3205,อำเภอปราสาท
3206,อำเภอกาบเชิง
3207,อำเภอรัตนบุรี
3208,อำเภอสนม
3209,อำเภอศีขรภูมิ
3210,อำเภอสังขะ
3211,อำเภอลำดวน
3212,อำเภอสำโรงทาบ
3213,อำเภอบัวเชด
3214,อำเภอพนมดงรัก
3215,อำเภอศรีณรงค์
3216,อำเภอเขวาสินรินทร์
3217,อำเภอโนนนารายณ์
3286,ท้องถิ่นเทศบาลตำบลบัวเชด
3287,ท้องถิ่นเทศบาลตำบลสำโรงทาบ
3288,ท้องถิ่นเทศบาลตำบลลำดวนสุรพินท์
3289,ท้องถิ่นเทศบาลตำบลสังขะ
3290,ท้องถิ่นเทศบาลตำบลศีขรภูมิ
3291,ท้องถิ่นเทศบาลตำบลสนม
3292,ท้องถิ่นเทศบาลตำบลรัตนบุรี
3293,ท้องถิ่นเทศบาลตำบลนิคมปราสาท
3294,ท้องถิ่นเทศบาลตำบลกังแอน
3295,ท้องถิ่นเทศบาลตำบลจอมพระ
3296,ท้องถิ่นเทศบาลตำบลท่าตูม
3297,ท้องถิ่นเทศบาลตำบลชุมพลบุรี
3298,ท้องถิ่นเทศบาลตำบลเมืองที
3299,ท้องถิ่นเทศบาลเมืองสุรินทร์
3300,จังหวัดศรีสะเกษ
3301,อำเภอเมืองศรีสะเกษ
3302,อำเภอยางชุมน้อย
3303,อำเภอกันทรารมย์
3304,อำเภอกันทรลักษ์
3305,อำเภอขุขันธ์
3306,อำเภอไพรบึง
3307,อำเภอปรางค์กู่
3308,อำเภอขุนหาญ
3309,อำเภอราษีไศล
3310,อำเภออุทุมพรพิสัย
3311,อำเภอบึงบูรพ์
3312,อำเภอห้วยทับทัน
3313,อำเภอโนนคูณ
3314,อำเภอศรีรัตนะ
3315,อำเภอน้ำเกลี้ยง
3316,อำเภอวังหิน
3317,อำเภอภูสิงห์
3318,อำเภอเมืองจันทร์
3319,อำเภอเบญจลักษ์
3320,อำเภอพยุห์
3321,อำเภอโพธิ์ศรีสุวรรณ
3322,อำเภอศิลาลาด
3323,กิ่งอำเภอทับทิมสยาม
3324,กิ่งอำเภอศรีเมืองทอง
3325,กิ่งอำเภอเขาพระวิหาร
3381,ท้องถิ่นเทศบาลตำบลบุสูง
3382,ท้องถิ่นเทศบาลตำบลกันทรอม
3383,ท้องถิ่นเทศบาลตำบลกระหวัน
3384,ท้องถิ่นเทศบาลตำบลน้ำคำ
3385,ท้องถิ่นเทศบาลตำบลโพธิ์กระสังข์
3386,ท้องถิ่นเทศบาลตำบลพยุห์
3387,ท้องถิ่นเทศบาลตำบลศรีรัตนะ
3388,ท้องถิ่นเทศบาลตำบลห้วยทับทัน
3389,ท้องถิ่นเทศบาลตำบลบึงบูรพ์
3390,ท้องถิ่นเทศบาลตำบลกำแพง
3391,ท้องถิ่นเทศบาลตำบลเมืองคง
3392,ท้องถิ่นเทศบาลตำบลขุนหาญ
3393,ท้องถิ่นเทศบาลตำบลปรางค์กู่
3394,ท้องถิ่นเทศบาลตำบลไพรบึง
3395,ท้องถิ่นเทศบาลตำบลเมืองขุขันธ์
3396,ท้องถิ่นเทศบาลเมืองกันทรลักษ์
3397,ท้องถิ่นเทศบาลตำบลกันทรารมย์
3398,ท้องถิ่นเทศบาลตำบลยางชุมน้อย
3399,ท้องถิ่นเทศบาลเมืองศรีสะเกษ
3400,จังหวัดอุบลราชธานี
3401,อำเภอเมืองอุบลราชธานี
3402,อำเภอศรีเมืองใหม่
3403,อำเภอโขงเจียม
3404,อำเภอเขื่องใน
3405,อำเภอเขมราฐ
3406,อำเภอชานุมาน
3407,อำเภอเดชอุดม
3408,อำเภอนาจะหลวย
3409,อำเภอน้ำยืน
3410,อำเภอบุณฑริก
3411,อำเภอตระการพืชผล
3412,อำเภอกุดข้าวปุ้น
3413,อำเภอพนา
3414,อำเภอม่วงสามสิบ
3415,อำเภอวารินชำราบ
3416,อำเภออำนาจเจริญ
3417,อำเภอเสนางคนิคม
3418,อำเภอหัวตะพาน
3419,อำเภอพิบูลมังสาหาร
3420,อำเภอตาลสุม
3421,อำเภอโพธิ์ไทร
3422,อำเภอสำโรง
3423,กิ่งอำเภอลืออำนาจ
3424,อำเภอดอนมดแดง
3425,อำเภอสิรินธร
3426,อำเภอทุ่งศรีอุดม
3427,อำเภอปทุมราชวงศา
3429,อำเภอนาเยีย
3430,อำเภอนาตาล
3431,อำเภอเหล่าเสือโก้ก
3432,อำเภอสว่างวีระวงศ์
3433,อำเภอน้ำขุ่น
3463,ท้องถิ่นเทศบาลตำบลกุดชมภู
3464,ท้องถิ่นเทศบาลตำบลคำน้ำแซบ
3465,ท้องถิ่นเทศบาลตำบลหัวนา
3466,ท้องถิ่นเทศบาลตำบลโพนงาม
3467,ท้องถิ่นเทศบาลตำบลเมืองศรีไค
3468,ท้องถิ่นเทศบาลตำบลหนองผือ
3469,ท้องถิ่นเทศบาลตำบลขามป้อม
3470,ท้องถิ่นเทศบาลตำบลเทพวงศา
3471,ท้องถิ่นเทศบาลตำบลปทุม
3472,ท้องถิ่นเทศบาลตำบลคอแลน
3473,ท้องถิ่น ทต.นิคมสร้างตนเองลำโดมน้อย
3474,ท้องถิ่นเทศบาลตำบลกุดประทาย
3475,ท้องถิ่นเทศบาลตำบลขามใหญ่
3476,ท้องถิ่นเทศบาลตำบลแสนสุข
3477,ท้องถิ่นเทศบาลตำบลนาเยีย
3478,ท้องถิ่นเทศบาลตำบลช่องเม็ก
3479,ท้องถิ่นเทศบาลตำบลโพธิ์ไทร
3480,ท้องถิ่นเทศบาลตำบลตาลสุม
3481,ท้องถิ่นเทศบาลตำบลอ่างศิลา
3482,ท้องถิ่นเทศบาลตำบลห้วยขะยุง
3483,ท้องถิ่นเทศบาลตำบลม่วงสามสิบ
3484,ท้องถิ่นเทศบาลตำบลกุดข้าวปุ้น
3485,ท้องถิ่นเทศบาลตำบลตระการพืชผล
3486,ท้องถิ่นเทศบาลตำบลบุณฑริก
3487,ท้องถิ่นเทศบาลตำบลน้ำยืน
3488,ท้องถิ่นเทศบาลตำบลนาจะหลวย
3489,ท้องถิ่นเทศบาลเมืองเดชอุดม
3490,ท้องถิ่นเทศบาลตำบลบัวงาม
3491,ท้องถิ่นเทศบาลตำบลนาส่วง
3492,ท้องถิ่นเทศบาลตำบลเขมราฐ
3493,ท้องถิ่นเทศบาลตำบลเขื่องใน
3494,ท้องถิ่นเทศบาลตำบลบ้านด่านโขงเจียม
3495,ท้องถิ่นเทศบาลตำบลศรีเมืองใหม่
3496,ท้องถิ่นเทศบาลตำบลอุบล
3497,ท้องถิ่นเทศบาลเมืองพิบูลมังสาหาร
3498,ท้องถิ่นเทศบาลเมืองวารินชำราบ
3499,ท้องถิ่นเทศบาลนครอุบลราชธานี
3500,จังหวัดยโสธร
3501,อำเภอเมืองยโสธร
3502,อำเภอทรายมูล
3503,อำเภอกุดชุม
3504,อำเภอคำเขื่อนแก้ว
3505,อำเภอป่าติ้ว
3506,อำเภอมหาชนะชัย
3507,อำเภอค้อวัง
3508,อำเภอเลิงนกทา
3509,อำเภอไทยเจริญ
3510,กิ่งอำเภอบดินทรเดชา
3591,ท้องถิ่นเทศบาลตำบลสามแยก
3592,ท้องถิ่นเทศบาลตำบลเลิงนกทา
3593,ท้องถิ่นเทศบาลตำบลค้อวัง
3594,ท้องถิ่นเทศบาลตำบลฟ้าหยาด
3595,ท้องถิ่นเทศบาลตำบลป่าติ้ว
3596,ท้องถิ่นเทศบาลตำบลคำเขื่อนแก้ว
3597,ท้องถิ่นเทศบาลตำบลกุดชุมพัฒนา
3598,ท้องถิ่นเทศบาลตำบลทรายมูล
3599,ท้องถิ่นเทศบาลเมืองยโสธร
3600,จังหวัดชัยภูมิ
3601,อำเภอเมืองชัยภูมิ
3602,อำเภอบ้านเขว้า
3603,อำเภอคอนสวรรค์
3604,อำเภอเกษตรสมบูรณ์
3605,อำเภอหนองบัวแดง
3606,อำเภอจัตุรัส
3607,อำเภอบำเหน็จณรงค์
3608,อำเภอหนองบัวระเหว
3609,อำเภอเทพสถิต
3610,อำเภอภูเขียว
3611,อำเภอบ้านแท่น
3612,อำเภอแก้งคร้อ
3613,อำเภอคอนสาร
3614,อำเภอภักดีชุมพล
3615,อำเภอเนินสง่า
3616,อำเภอซับใหญ่
3617,กิ่งอำเภอภูผาทอง
3618,กิ่งอำเภอบ้านเดื่อ
3651,สาขาตำบลโนนสำราญ
3652,สาขาตำบลบ้านหว่าเฒ่า
3653,สาขาตำบลวังชมภู หนองบัวแดง
3654,สาขาตำบลซับใหญ่ อำเภอจัตุรัส
3655,สาขาตำบลโคกเพชร อำเภอบำเหน็จณรงค์
3656,สาขาตำบลนายางกลัก อำเภอเทพสถิต
3657,สาขาตำบลบ้านเต่า อำเภอบ้านแท่น
3658,สาขาตำบลท่ามะไฟหวาน อำเภอแก้งคร้อ
3659,สาขาตำบลโนนคูณ อำเภอคอนสาร 
3676,ท้องถิ่นเทศบาลตำบลห้วยยาง
3677,ท้องถิ่นเทศบาลตำบลบ้านเดื่อ
3678,ท้องถิ่นเทศบาลตำบลโคกสะอาด
3679,ท้องถิ่นเทศบาลตำบลห้วยแย้
3680,ท้องถิ่นเทศบาลตำบลคอนสาร
3681,ท้องถิ่นเทศบาลตำบลแก้งคร้อ
3682,ท้องถิ่นเทศบาลตำบลนาหนองทุ่ม
3683,ท้องถิ่นเทศบาลตำบลบ้านแท่น
3684,ท้องถิ่นเทศบาลตำบลภูเขียว
3685,ท้องถิ่นเทศบาลตำบลบ้านเพชรภูเขียว
3686,ท้องถิ่นเทศบาลตำบลเทพสถิต
3687,ท้องถิ่นเทศบาลตำบลหนองบัวระเหว
3688,ท้องถิ่นเทศบาลตำบลบำเหน็จณรงค์
3689,ท้องถิ่นเทศบาลตำบลบ้านเพชร
3690,ท้องถิ่นเทศบาลตำบลหนองบัวโคก
3691,ท้องถิ่นเทศบาลตำบลจัตุรัส
3692,ท้องถิ่นเทศบาลตำบลหนองบัวแดง
3693,ท้องถิ่นเทศบาลตำบลบ้านเป้า
3694,ท้องถิ่นเทศบาลตำบลเกษตรสมบูรณ์
3695,ท้องถิ่นเทศบาลตำบลคอนสวรรค์
3696,ท้องถิ่นเทศบาลตำบลบ้านเขว้า
3697,ท้องถิ่นเทศบาลตำบลลาดใหญ่
3698,ท้องถิ่นเทศบาลตำบลบ้านค่ายหมื่นแผ้ว
3699,ท้องถิ่นเทศบาลเมืองชัยภูมิ
3700,จังหวัดอำนาจเจริญ
3701,อำเภอเมืองอำนาจเจริญ
3702,อำเภอชานุมาน
3703,อำเภอปทุมราชวงศา
3704,อำเภอพนา
3705,อำเภอเสนางคนิคม
3706,อำเภอหัวตะพาน
3707,อำเภอลืออำนาจ
3790,ท้องถิ่นเทศบาลตำบลนายม
3791,ท้องถิ่นเทศบาลตำบลพระเหลา
3792,ท้องถิ่นเทศบาลตำบลอำนาจ
3793,ท้องถิ่นเทศบาลตำบลหัวตะพาน
3794,ท้องถิ่นเทศบาลตำบลเสนางคนิคม
3795,ท้องถิ่นเทศบาลตำบลพนา
3796,ท้องถิ่นเทศบาลตำบลปทุมราชวงศา
3797,ท้องถิ่นเทศบาลตำบลชานุมาน
3798,ท้องถิ่นเทศบาลตำบลน้ำปลีก
3799,ท้องถิ่นเทศบาลเมืองอำนาจเจริญ
3800,จังหวัดบึงกาฬ
3801,อำเภอเมืองบึงกาฬ
3802,อำเภอพรเจริญ
3803,อำเภอโซ่พิสัย
3804,อำเภอเซกา
3805,อำเภอปากคาด
3806,อำเภอบึงโขงหลง
3807,อำเภอศรีวิไล
3808,อำเภอบุ่งคล้า
3887,ท้องถิ่นเทศบาลตำบลหอคำ
3888,ท้องถิ่นเทศบาลตำบลโนนสว่าง
3889,ท้องถิ่นเทศบาลตำบลวิศิษฐ์
3890,ท้องถิ่นเทศบาลตำบลศรีวิไล
3891,ท้องถิ่นเทศบาลตำบลบึงโขงหลง
3892,ท้องถิ่นเทศบาลตำบลปากคาด
3893,ท้องถิ่นเทศบาลตำบลศรีพนา
3894,ท้องถิ่นเทศบาลตำบลท่าสะอาด
3895,ท้องถิ่นเทศบาลตำบลโซ่พิสัย
3896,ท้องถิ่นเทศบาลตำบลพรเจริญ
3897,ท้องถิ่นเทศบาลตำบลดอนหญ้านาง
3898,ท้องถิ่นเทศบาลเมืองบึงกาฬ
3900,จังหวัดหนองบัวลำภู
3901,อำเภอเมืองหนองบัวลำภู
3902,อำเภอนากลาง
3903,อำเภอโนนสัง
3904,อำเภอศรีบุญเรือง
3905,อำเภอสุวรรณคูหา
3906,อำเภอนาวัง
3907,กิ่งอำเภอกุดดินจี่
3908,กิ่งอำเภอยางหล่อ
3909,กิ่งอำเภอหัวนา
3986,ท้องถิ่นเทศบาลตำบลยางหล่อ
3987,ท้องถิ่นเทศบาลตำบลนาเหล่า
3988,ท้องถิ่นเทศบาลตำบลสุวรรณคูหา
3989,ท้องถิ่นเทศบาลตำบลบ้านโคก
3990,ท้องถิ่นเทศบาลตำบลโนนสูงเปลือย
3991,ท้องถิ่นเทศบาลตำบลจอมทอง
3992,ท้องถิ่นเทศบาลตำบลโนนสัง
3993,ท้องถิ่นเทศบาลตำบลกุดดู่
3994,ท้องถิ่นเทศบาลตำบลนากลาง
3995,ท้องถิ่นเทศบาลตำบลกุดดินจี่
3996,ท้องถิ่นเทศบาลตำบลหัวนา
3997,ท้องถิ่นเทศบาลตำบลนามะเฟือง
3998,ท้องถิ่นเทศบาลตำบลนาคำไฮ
3999,ท้องถิ่นเทศบาลเมืองหนองบัวลำภู
4000,จังหวัดขอนแก่น
4001,อำเภอเมืองขอนแก่น
4002,อำเภอบ้านฝาง
4003,อำเภอพระยืน
4004,อำเภอหนองเรือ
4005,อำเภอชุมแพ
4006,อำเภอสีชมพู
4007,อำเภอน้ำพอง
4008,อำเภออุบลรัตน์
4009,อำเภอกระนวน
4010,อำเภอบ้านไผ่
4011,อำเภอเปือยน้อย
4012,อำเภอพล
4013,อำเภอแวงใหญ่
4014,อำเภอแวงน้อย
4015,อำเภอหนองสองห้อง
4016,อำเภอภูเวียง
4017,อำเภอมัญจาคีรี
4018,อำเภอชนบท
4019,อำเภอเขาสวนกวาง
4020,อำเภอภูผาม่าน
4021,อำเภอซำสูง
4022,อำเภอโคกโพธิ์ไชย
4023,อำเภอหนองนาคำ
4024,อำเภอบ้านแฮด
4025,อำเภอโนนศิลา
4026,กิ่งอำเภอภูคำน้อย
4027,กิ่งอำเภอหนองแก
4028,กิ่งอำเภอโนนหัน
4029,อำเภอเวียงเก่า
4054,ท้องถิ่นเทศบาลเมืองศิลา
4055,ท้องถิ่นเทศบาลตำบลโคกสูง
4056,ท้องถิ่นเทศบาลตำบลสะอาด
4057,ท้องถิ่นเทศบาลเมืองบ้านทุ่ม
4058,ท้องถิ่นเทศบาลตำบลโนนสมบูรณ์
4059,ท้องถิ่นเทศบาลตำบลนาข่า
4060,ท้องถิ่นเทศบาลตำบลม่วงหวาน
4061,ท้องถิ่นเทศบาลตำบลหนองตูม
4062,ท้องถิ่นเทศบาลตำบลเมืองเก่า
4063,ท้องถิ่นเทศบาลตำบลโนนท่อน
4064,ท้องถิ่นเทศบาลตำบลบ้านค้อ
4065,ท้องถิ่นเทศบาลตำบลกุดน้ำใส
4066,ท้องถิ่นเทศบาลตำบลลำน้ำพอง
4067,ท้องถิ่นเทศบาลตำบลสาวะถี
4068,ท้องถิ่นเทศบาลตำบลบ้านเป็ด
4069,ท้องถิ่นเทศบาลตำบลโนนศิลา
4070,ท้องถิ่นเทศบาลตำบลบ้านแฮด
4071,ท้องถิ่นเทศบาลตำบลบ้านโคก
4072,ท้องถิ่นเทศบาลตำบลซำสูง
4073,ท้องถิ่นเทศบาลตำบลภูผาม่าน
4074,ท้องถิ่นเทศบาลตำบลเขาสวนกวาง
4075,ท้องถิ่นเทศบาลตำบลชนบท
4076,ท้องถิ่นเทศบาลตำบลมัญจาคีรี
4077,ท้องถิ่นเทศบาลตำบลภูเวียง
4078,ท้องถิ่นเทศบาลตำบลหนองสองห้อง
4079,ท้องถิ่นเทศบาลตำบลแวงน้อย
4080,ท้องถิ่นเทศบาลตำบลแวงใหญ่
4081,ท้องถิ่นเทศบาลตำบลเปือยน้อย
4082,ท้องถิ่นเทศบาลเมืองกระนวน
4083,ท้องถิ่นเทศบาลตำบลเขื่อนอุบลรัตน์
4084,ท้องถิ่นเทศบาลตำบลวังชัย
4085,ท้องถิ่นเทศบาลตำบลน้ำพอง
4086,ท้องถิ่นเทศบาลตำบลสีชมพู
4087,ท้องถิ่นเทศบาลตำบลโนนหัน
4088,ท้องถิ่นเทศบาลตำบลโคกสูงสัมพันธ์
4089,ท้องถิ่นเทศบาลตำบลหนองเรือ
4090,ท้องถิ่นเทศบาลตำบลหนองแก
4091,ท้องถิ่นเทศบาลตำบลดอนโมง
4092,ท้องถิ่นเทศบาลตำบลพระยืน
4093,ท้องถิ่นเทศบาลตำบลบ้านโต้น
4094,ท้องถิ่นเทศบาลตำบลบ้านฝาง
4095,ท้องถิ่นเทศบาลตำบลท่าพระ
4096,ท้องถิ่นเทศบาลเมืองชุมแพ
4097,ท้องถิ่นเทศบาลเมืองบ้านไผ่
4098,ท้องถิ่นเทศบาลเมืองเมืองพล
4099,ท้องถิ่นเทศบาลนครขอนแก่น
4100,จังหวัดอุดรธานี
4101,อำเภอเมืองอุดรธานี
4102,อำเภอกุดจับ
4103,อำเภอหนองวัวซอ
4104,อำเภอกุมภวาปี
4105,อำเภอโนนสะอาด
4106,อำเภอหนองหาน
4107,อำเภอทุ่งฝน
4108,อำเภอไชยวาน
4109,อำเภอศรีธาตุ
4110,อำเภอวังสามหมอ
4111,อำเภอบ้านดุง
4112,อำเภอหนองบัวลำภู
4113,อำเภอศรีบุญเรือง
4114,อำเภอนากลาง
4115,อำเภอสุวรรณคูหา
4116,อำเภอโนนสัง
4117,อำเภอบ้านผือ
4118,อำเภอน้ำโสม
4119,อำเภอเพ็ญ
4120,อำเภอสร้างคอม
4121,อำเภอหนองแสง
4122,อำเภอนายูง
4123,อำเภอพิบูลย์รักษ์
4124,อำเภอกู่แก้ว
4125,อำเภอประจักษ์ศิลปาคม
4126,กิ่งอำเภอภูพระบาท
4127,กิ่งอำเภอวังสายไหม
4157,ท้องถิ่นเทศบาลตำบลนาดี
4158,ท้องถิ่นเทศบาลตำบลหนองหว้า
4159,ท้องถิ่นเทศบาลตำบลหัวนาคำ
4160,ท้องถิ่นเทศบาลตำบลผาสุก
4161,ท้องถิ่นเทศบาลตำบลโพนสูง
4162,ท้องถิ่นเทศบาลตำบลจำปี
4163,ท้องถิ่นเทศบาลตำบลสร้างคอม
4164,ท้องถิ่นเทศบาลตำบลบ้านธาตุ
4165,ท้องถิ่นเทศบาลตำบลเวียงคำ
4166,ท้องถิ่นเทศบาลตำบลลำพันชาด
4167,ท้องถิ่นเทศบาลตำบลหนองไผ่
4168,ท้องถิ่นเทศบาลตำบลหนองไผ่
4169,ท้องถิ่นเทศบาลตำบลปะโค
4170,ท้องถิ่นเทศบาลตำบลแสงสว่าง
4171,ท้องถิ่นเทศบาลตำบลเพ็ญ
4172,ท้องถิ่นเทศบาลตำบลน้ำโสม
4173,ท้องถิ่นเทศบาลตำบลนางัว
4174,ท้องถิ่นเทศบาลตำบลบ้านผือ
4175,ท้องถิ่นเทศบาลเมืองบ้านดุง
4176,ท้องถิ่นเทศบาลตำบลวังสามหมอ
4177,ท้องถิ่นเทศบาลตำบลศรีธาตุ
4178,ท้องถิ่นเทศบาลตำบลไชยวาน
4179,ท้องถิ่นเทศบาลตำบลทุ่งฝน
4180,ท้องถิ่นเทศบาลตำบลหนองหาน
4181,ท้องถิ่นเทศบาลตำบลหนองเม็ก
4182,ท้องถิ่นเทศบาลตำบลบ้านเชียง
4183,ท้องถิ่นเทศบาลตำบลโนนสะอาด
4184,ท้องถิ่นเทศบาลตำบลห้วยเกิ้ง
4185,ท้องถิ่นเทศบาลตำบลพันดอน
4186,ท้องถิ่นเทศบาลตำบลกุมภวาปี
4187,ท้องถิ่นเทศบาลตำบลภูผาแดง
4188,ท้องถิ่นเทศบาลตำบลหนองวัวซอ
4189,ท้องถิ่นเทศบาลตำบลสร้างก่อ
4190,ท้องถิ่นเทศบาลตำบลตาลเลียน
4191,ท้องถิ่นเทศบาลตำบลเชียงเพ็ง
4192,ท้องถิ่นเทศบาลตำบลกุดจับ
4193,ท้องถิ่นเทศบาลตำบลหนองบัว
4194,ท้องถิ่นเทศบาลเมืองหนองสำโรง
4195,ท้องถิ่นเทศบาลตำบลบ้านจั่น
4196,ท้องถิ่นเทศบาลเมืองโนนสูง-น้ำคำ
4197,ท้องถิ่นเทศบาลตำบลนิคมสงเคราะห์
4198,ท้องถิ่นเทศบาลตำบลนาข่า
4199,ท้องถิ่นเทศบาลนครอุดรธานี
4200,จังหวัดเลย
4201,อำเภอเมืองเลย
4202,อำเภอนาด้วง
4203,อำเภอเชียงคาน
4204,อำเภอปากชม
4205,อำเภอด่านซ้าย
4206,อำเภอนาแห้ว
4207,อำเภอภูเรือ
4208,อำเภอท่าลี่
4209,อำเภอวังสะพุง
4210,อำเภอภูกระดึง
4211,อำเภอภูหลวง
4212,อำเภอผาขาว
4213,อำเภอเอราวัณ
4214,อำเภอหนองหิน
4279,ท้องถิ่นเทศบาลตำบลโนนปอแดง
4280,ท้องถิ่นเทศบาลตำบลนาดอกคำ
4281,ท้องถิ่นเทศบาลตำบลธาตุ
4282,ท้องถิ่นเทศบาลตำบลนาดินดำ
4283,ท้องถิ่นเทศบาลตำบลนาโป่ง
4284,ท้องถิ่นเทศบาลตำบลนาอาน
4285,ท้องถิ่นเทศบาลตำบลเขาแก้ว
4286,ท้องถิ่นเทศบาลตำบลหนองหิน
4287,ท้องถิ่นเทศบาลตำบลภูกระดึง
4288,ท้องถิ่นเทศบาลเมืองวังสะพุง
4289,ท้องถิ่นเทศบาลตำบลท่าลี่
4290,ท้องถิ่นเทศบาลตำบลภูเรือ
4291,ท้องถิ่นเทศบาลตำบลนาแห้ว
4292,ท้องถิ่นเทศบาลตำบลด่านซ้าย
4293,ท้องถิ่นเทศบาลตำบลปากชม
4294,ท้องถิ่นเทศบาลตำบลเชียงกลม
4295,ท้องถิ่นเทศบาลตำบลเชียงคาน
4296,ท้องถิ่นเทศบาลตำบลนาด้วง
4297,ท้องถิ่นเทศบาลตำบลน้ำสวย
4298,ท้องถิ่นเทศบาลตำบลนาอ้อ
4299,ท้องถิ่นเทศบาลเมืองเลย
4300,จังหวัดหนองคาย
4301,อำเภอเมืองหนองคาย
4302,อำเภอท่าบ่อ
4303,อำเภอบึงกาฬ
4304,อำเภอพรเจริญ
4305,อำเภอโพนพิสัย
4306,อำเภอโซ่พิสัย
4307,อำเภอศรีเชียงใหม่
4308,อำเภอสังคม
4309,อำเภอเซกา
4310,อำเภอปากคาด
4311,อำเภอบึงโขงหลง
4312,อำเภอศรีวิไล
4313,อำเภอบุ่งคล้า
4314,อำเภอสระใคร
4315,อำเภอเฝ้าไร่
4316,อำเภอรัตนวาปี
4317,อำเภอโพธิ์ตาก
4318,กิ่งอำเภอเชิม
4319,กิ่งอำเภอเจ็ดสี
4320,กิ่งอำเภอสามแยกสีชมภู
4321,กิ่งอำเภอหอคำ
4377,ท้องถิ่นเทศบาลตำบลหอคำ
4378,ท้องถิ่นเทศบาลตำบลเฝ้าไร่
4379,ท้องถิ่นเทศบาลตำบลหนองเข็ง
4380,ท้องถิ่นเทศบาลตำบลวิศิษฐ์
4381,ท้องถิ่นเทศบาลตำบลโพธิ์ชัย
4382,ท้องถิ่นเทศบาลตำบลหาดคำ
4383,ท้องถิ่นเทศบาลตำบลศรีวิไล
4384,ท้องถิ่นเทศบาลตำบลบึงโขงหลง
4385,ท้องถิ่นเทศบาลตำบลปากคาด
4386,ท้องถิ่นเทศบาลตำบลศรีพนา
4387,ท้องถิ่นเทศบาลตำบลท่าสะอาด
4388,ท้องถิ่นเทศบาลตำบลสังคม
4389,ท้องถิ่นเทศบาลตำบลศรีเชียงใหม่
4390,ท้องถิ่นเทศบาลตำบลโซ่พิสัย
4391,ท้องถิ่นเทศบาลตำบลโพนพิสัย
4392,ท้องถิ่นเทศบาลตำบลพรเจริญ
4393,ท้องถิ่นเทศบาลตำบลดอนหญ้านาง
4394,ท้องถิ่นเทศบาลตำบลบึงกาฬ
4395,ท้องถิ่นเทศบาลตำบลโพนสา
4396,ท้องถิ่นเทศบาลเมืองท่าบ่อ
4397,ท้องถิ่นเทศบาลตำบลหนองสองห้อง
4398,ท้องถิ่นเทศบาลตำบลเวียงคุก
4399,ท้องถิ่นเทศบาลเมืองหนองคาย
4400,จังหวัดมหาสารคาม
4401,อำเภอเมืองมหาสารคาม
4402,อำเภอแกดำ
4403,อำเภอโกสุมพิสัย
4404,อำเภอกันทรวิชัย
4405,อำเภอเชียงยืน
4406,อำเภอบรบือ
4407,อำเภอนาเชือก
4408,อำเภอพยัคฆภูมิพิสัย
4409,อำเภอวาปีปทุม
4410,อำเภอนาดูน
4411,อำเภอยางสีสุราช
4412,อำเภอกุดรัง
4413,อำเภอชื่นชม
4487,ท้องถิ่นเทศบาลตำบลขามเรียง
4488,ท้องถิ่นเทศบาลตำบลท่าขอนยาง
4489,ท้องถิ่นเทศบาลตำบลนาดูน
4490,ท้องถิ่นเทศบาลตำบลวาปีปทุม
4491,ท้องถิ่นเทศบาลตำบลพยัคฆภูมิพิสัย
4492,ท้องถิ่นเทศบาลตำบลนาเชือก
4493,ท้องถิ่นเทศบาลตำบลบรบือ
4494,ท้องถิ่นเทศบาลตำบลเชียงยืน
4495,ท้องถิ่นเทศบาลตำบลโคกพระ
4496,ท้องถิ่นเทศบาลตำบลโกสุมพิสัย
4497,ท้องถิ่นเทศบาลตำบลแกดำ
4498,ท้องถิ่นเทศบาลตำบลแวงน่าง
4499,ท้องถิ่นเทศบาลเมืองมหาสารคาม
4500,จังหวัดร้อยเอ็ด
4501,อำเภอเมืองร้อยเอ็ด
4502,อำเภอเกษตรวิสัย
4503,อำเภอปทุมรัตต์
4504,อำเภอจตุรพักตรพิมาน
4505,อำเภอธวัชบุรี
4506,อำเภอพนมไพร
4507,อำเภอโพนทอง
4508,อำเภอโพธิ์ชัย
4509,อำเภอหนองพอก
4510,อำเภอเสลภูมิ
4511,อำเภอสุวรรณภูมิ
4512,อำเภอเมืองสรวง
4513,อำเภอโพนทราย
4514,อำเภออาจสามารถ
4515,อำเภอเมยวดี
4516,อำเภอศรีสมเด็จ
4517,อำเภอจังหาร
4518,อำเภอเชียงขวัญ
4519,อำเภอหนองฮี
4520,อำเภอทุ่งเขาหลวง
4521,กิ่งอำเภอหนองบัวบูรพา
4565,ท้องถิ่นเทศบาลตำบลนิเวศน์
4566,ท้องถิ่นเทศบาลตำบลมะอึ
4567,ท้องถิ่นเทศบาลตำบลดงแดง
4568,ท้องถิ่นเทศบาลตำบลโคกล่าม
4569,ท้องถิ่นเทศบาลตำบลโพธิ์ชัย
4570,ท้องถิ่นเทศบาลตำบลดินดำ
4571,ท้องถิ่นเทศบาลตำบลเมืองไพร
4572,ท้องถิ่นเทศบาลตำบลขวาว
4573,ท้องถิ่นเทศบาลตำบลดงแดง
4574,ท้องถิ่นเทศบาลตำบลโคกล่าม
4575,ท้องถิ่นเทศบาลตำบลหัวช้าง
4576,ท้องถิ่นเทศบาลตำบลอุ่มเม้า
4577,ท้องถิ่นเทศบาลตำบลปอภาร
4578,ท้องถิ่นเทศบาลตำบลเมืองบัว
4579,ท้องถิ่นเทศบาลตำบลคำพอุง
4580,ท้องถิ่นเทศบาลตำบลอัคคะคำ
4581,ท้องถิ่นเทศบาลตำบลโนนตาล
4582,ท้องถิ่นเทศบาลตำบลอาจสามารถ
4583,ท้องถิ่นเทศบาลตำบลอาจสามารถ
4584,ท้องถิ่นเทศบาลตำบลโพนทราย
4585,ท้องถิ่นเทศบาลตำบลเมืองสรวง
4586,ท้องถิ่นเทศบาลตำบลสุวรรณภูมิ
4587,ท้องถิ่นเทศบาลตำบลเสลภูมิ
4588,ท้องถิ่นเทศบาลตำบลหนองพอก
4589,ท้องถิ่นเทศบาลตำบลเชียงใหม่
4590,ท้องถิ่นเทศบาลตำบลชัยวารี
4591,ท้องถิ่นเทศบาลตำบลโพนทอง
4592,ท้องถิ่นเทศบาลตำบลพนมไพร
4593,ท้องถิ่นเทศบาลตำบลบ้านนิเวศน์
4594,ท้องถิ่นเทศบาลตำบลธงธานี
4595,ท้องถิ่นเทศบาลตำบลจตุรพักตรพิมาน
4596,ท้องถิ่นเทศบาลตำบลปทุมรัตต์
4597,ท้องถิ่นเทศบาลตำบลเกษตรวิสัย
4598,ท้องถิ่นเทศบาลตำบลกู่กาสิงห์
4599,ท้องถิ่นเทศบาลเมืองร้อยเอ็ด
4600,จังหวัดกาฬสินธุ์
4601,อำเภอเมืองกาฬสินธุ์
4602,อำเภอนามน
4603,อำเภอกมลาไสย
4604,อำเภอร่องคำ
4605,อำเภอกุฉินารายณ์
4606,อำเภอเขาวง
4607,อำเภอยางตลาด
4608,อำเภอห้วยเม็ก
4609,อำเภอสหัสขันธ์
4610,อำเภอคำม่วง
4611,อำเภอท่าคันโท
4612,อำเภอหนองกุงศรี
4613,อำเภอสมเด็จ
4614,อำเภอห้วยผึ้ง
4615,อำเภอสามชัย
4616,อำเภอนาคู
4617,อำเภอดอนจาน
4618,อำเภอฆ้องชัย
4619,กิ่งอำเภอลำปาว
4620,กิ่งอำเภอดงมูล
4621,กิ่งอำเภอนาขาม
4622,กิ่งอำเภอเขาพระนอน
4623,กิ่งอำเภอลำน้ำดอกไม้
4624,กิ่งอำเภอคำใหญ่
4651,สาขาตำบลคำใหญ่ อำเภอห้วยเม็ก
4665,ท้องถิ่นเทศบาลตำบลจุมจัง
4666,ท้องถิ่นเทศบาลตำบลนาทัน
4667,ท้องถิ่นเทศบาลตำบลอิตื้อ
4668,ท้องถิ่นเทศบาลตำบลภูสิงห์
4669,ท้องถิ่นเทศบาลตำบลหัวนาคำ
4670,ท้องถิ่นเทศบาลตำบลบัวบาน
4671,ท้องถิ่นเทศบาลตำบลนาขาม
4672,ท้องถิ่นเทศบาลตำบลลำคลอง
4673,ท้องถิ่นเทศบาลตำบลคำบง
4674,ท้องถิ่นเทศบาลตำบลสระพังทอง
4675,ท้องถิ่นเทศบาลตำบลห้วยโพธิ์
4676,ท้องถิ่นเทศบาลตำบลนาคู
4677,ท้องถิ่นเทศบาลตำบลห้วยผึ้ง
4678,ท้องถิ่นเทศบาลตำบลสมเด็จ
4679,ท้องถิ่นเทศบาลตำบลหนองหิน
4680,ท้องถิ่นเทศบาลตำบลหนองกุงศรี
4681,ท้องถิ่นเทศบาลตำบลท่าคันโท
4682,ท้องถิ่นเทศบาลตำบลโพน
4683,ท้องถิ่นเทศบาลตำบลคำม่วง
4684,ท้องถิ่นเทศบาลตำบลโนนบุรี
4685,ท้องถิ่นเทศบาลตำบลห้วยเม็ก
4686,ท้องถิ่นเทศบาลตำบลคำใหญ่
4687,ท้องถิ่นเทศบาลตำบลยางตลาด
4688,ท้องถิ่นเทศบาลตำบลโคกศรี
4689,ท้องถิ่นเทศบาลตำบลกุดสิม
4690,ท้องถิ่นเทศบาลเมืองกุฉินารายณ์
4691,ท้องถิ่นเทศบาลตำบลกุดหว้า
4692,ท้องถิ่นเทศบาลตำบลร่องคำ
4693,ท้องถิ่นเทศบาลตำบลหนองแปน
4694,ท้องถิ่นเทศบาลตำบลธัญญา
4695,ท้องถิ่นเทศบาลตำบลกมลาไสย
4696,ท้องถิ่นเทศบาลตำบลนามน
4697,ท้องถิ่นเทศบาลตำบลหนองสอ
4698,ท้องถิ่นเทศบาลตำบลนาจารย์
4699,ท้องถิ่นเทศบาลเมืองกาฬสินธุ์
4700,จังหวัดสกลนคร
4701,อำเภอเมืองสกลนคร
4702,อำเภอกุสุมาลย์
4703,อำเภอกุดบาก
4704,อำเภอพรรณานิคม
4705,อำเภอพังโคน
4706,อำเภอวาริชภูมิ
4707,อำเภอนิคมน้ำอูน
4708,อำเภอวานรนิวาส
4709,อำเภอคำตากล้า
4710,อำเภอบ้านม่วง
4711,อำเภออากาศอำนวย
4712,อำเภอสว่างแดนดิน
4713,อำเภอส่องดาว
4714,อำเภอเต่างอย
4715,อำเภอโคกศรีสุพรรณ
4716,อำเภอเจริญศิลป์
4717,อำเภอโพนนาแก้ว
4718,อำเภอภูพาน
4719,กิ่งอำเภอห้วยไร่
4751,สาขาตำบลกุดเรือคำ อำเภอวานรนิวาส
4779,ท้องถิ่นเทศบาลตำบลคำบ่อ
4780,ท้องถิ่นเทศบาลตำบลตองโขบ
4781,ท้องถิ่นเทศบาลตำบลบงใต้
4782,ท้องถิ่นเทศบาลตำบลสามัคคีพัฒนา
4783,ท้องถิ่นเทศบาลตำบลเชียงเครือ
4784,ท้องถิ่นเทศบาลตำบลเจริญศิลป์
4785,ท้องถิ่นเทศบาลตำบลส่องดาว
4786,ท้องถิ่นเทศบาลตำบลสว่างแดนดิน
4787,ท้องถิ่นเทศบาลตำบลดอนเขือง
4788,ท้องถิ่นเทศบาลตำบลอากาศอำนวย
4789,ท้องถิ่นเทศบาลตำบลบ้านม่วง
4790,ท้องถิ่นเทศบาลตำบลคำตากล้า
4791,ท้องถิ่นเทศบาลตำบลวานรนิวาส
4792,ท้องถิ่นเทศบาลตำบลวาริชภูมิ
4793,ท้องถิ่นเทศบาลตำบลพังโคน
4794,ท้องถิ่นเทศบาลตำบลพรรณานิคม
4795,ท้องถิ่นเทศบาลตำบลกุดบาก
4796,ท้องถิ่นเทศบาลตำบลกุสุมาลย์
4797,ท้องถิ่นเทศบาลตำบลท่าแร่
4798,ท้องถิ่นเทศบาลตำบลดงมะไฟ
4799,ท้องถิ่นเทศบาลนครสกลนคร
4800,จังหวัดนครพนม
4801,อำเภอเมืองนครพนม
4802,อำเภอปลาปาก
4803,อำเภอท่าอุเทน
4804,อำเภอบ้านแพง
4805,อำเภอธาตุพนม
4806,อำเภอเรณูนคร
4807,อำเภอนาแก
4808,อำเภอศรีสงคราม
4809,อำเภอนาหว้า
4810,อำเภอโพนสวรรค์
4811,อำเภอนาทม
4812,อำเภอวังยาง
4890,ท้องถิ่นเทศบาลตำบลปลาปาก
4891,ท้องถิ่นเทศบาลตำบลโพนสวรรค์
4892,ท้องถิ่นเทศบาลตำบลนาหว้า
4893,ท้องถิ่นเทศบาลตำบลศรีสงคราม
4894,ท้องถิ่นเทศบาลตำบลนาแก
4895,ท้องถิ่นเทศบาลตำบลเรณูนคร
4896,ท้องถิ่นเทศบาลตำบลธาตุพนม
4897,ท้องถิ่นเทศบาลตำบลบ้านแพง
4898,ท้องถิ่นเทศบาลตำบลท่าอุเทน
4899,ท้องถิ่นเทศบาลเมืองนครพนม
4900,จังหวัดมุกดาหาร
4901,อำเภอเมืองมุกดาหาร
4902,อำเภอนิคมคำสร้อย
4903,อำเภอดอนตาล
4904,อำเภอดงหลวง
4905,อำเภอคำชะอี
4906,อำเภอหว้านใหญ่
4907,อำเภอหนองสูง
4989,ท้องถิ่นเทศบาลตำบลร่มเกล้า
4990,ท้องถิ่นเทศบาลตำบลภูวง
4991,ท้องถิ่นเทศบาลตำบลบ้านเป้า
4992,ท้องถิ่นเทศบาลตำบลหนองสูงเหนือ
4993,ท้องถิ่นเทศบาลตำบลบ้านแก้ง
4994,ท้องถิ่นเทศบาลตำบลคำอาฮวน
4995,ท้องถิ่นเทศบาลตำบลดงเย็น
4996,ท้องถิ่นเทศบาลตำบลคำชะอี
4997,ท้องถิ่นเทศบาลตำบลดอนตาล
4998,ท้องถิ่นเทศบาลตำบลนิคมคำสร้อย
4999,ท้องถิ่นเทศบาลเมืองมุกดาหาร
5000,จังหวัดเชียงใหม่
5001,อำเภอเมืองเชียงใหม่
5002,อำเภอจอมทอง
5003,อำเภอแม่แจ่ม
5004,อำเภอเชียงดาว
5005,อำเภอดอยสะเก็ด
5006,อำเภอแม่แตง
5007,อำเภอแม่ริม
5008,อำเภอสะเมิง
5009,อำเภอฝาง
5010,อำเภอแม่อาย
5011,อำเภอพร้าว
5012,อำเภอสันป่าตอง
5013,อำเภอสันกำแพง
5014,อำเภอสันทราย
5015,อำเภอหางดง
5016,อำเภอฮอด
5017,อำเภอดอยเต่า
5018,อำเภออมก๋อย
5019,อำเภอสารภี
5020,อำเภอเวียงแหง
5021,อำเภอไชยปราการ
5022,อำเภอแม่วาง
5023,อำเภอแม่ออน
5024,อำเภอดอยหล่อ
5025,อำเภอกัลยาณิวัฒนา
5026,กิ่งอำเภอวัดจันทร์
5027,กิ่งอำเภอหมอกฟ้า
5028,กิ่งอำเภอบ่อหลวง
5040,ท้องถิ่นเทศบาลตำบลบวกค้าง
5041,ท้องถิ่นเทศบาลตำบลบ่อหลวง
5042,ท้องถิ่นเทศบาลตำบลป่าไผ่
5043,ท้องถิ่นเทศบาลตำบลสันนาเม็ง
5044,ท้องถิ่นเทศบาลตำบลสันพระเนตร
5045,ท้องถิ่นเทศบาลตำบลแม่ปูคา
5046,ท้องถิ่นเทศบาลตำบลสันปูเลย
5047,ท้องถิ่นเทศบาลตำบลลวงเหนือ
5048,ท้องถิ่นเทศบาลตำบลแม่โป่ง
5049,ท้องถิ่นเทศบาลตำบลเชิงดอย
5050,ท้องถิ่นเทศบาลตำบลเมืองนะ
5051,สาขาแขวงกาลวิละ
5052,สาขาแขวงศรีวิชัย
5053,สาขาแขวงเม็งราย
5054,ท้องถิ่นเทศบาลตำบลทุ่งข้าวพวง
5055,ท้องถิ่นเทศบาลตำบลปิงโค้ง
5056,ท้องถิ่นเทศบาลตำบลพระธาตุปู่ก่ำ
5057,ท้องถิ่นเทศบาลเมืองแม่เหียะ
5058,ท้องถิ่นเทศบาลตำบลสารภี
5059,ท้องถิ่นเทศบาลตำบลฟ้าฮ่าม
5060,ท้องถิ่นเทศบาลตำบลหนองจ๊อม
5061,ท้องถิ่นเทศบาลตำบลหนองหอย
5062,ท้องถิ่นเทศบาลตำบลแม่แฝก
5063,ท้องถิ่นเทศบาลตำบลท่าศาลา
5064,ท้องถิ่นเทศบาลตำบลหนองผึ้ง
5065,ท้องถิ่นเทศบาลตำบลเจดีย์แม่ครัว
5066,ท้องถิ่นเทศบาลตำบลแม่ปั๋ง
5067,ท้องถิ่นเทศบาลตำบลชมภู
5068,ท้องถิ่นเทศบาลตำบลป่าแดด
5069,ท้องถิ่นเทศบาลตำบลสุเทพ
5070,ท้องถิ่นเทศบาลตำบลหนองป่าครั่ง
5071,ท้องถิ่นเทศบาลตำบลแม่วาง
5072,ท้องถิ่นเทศบาลตำบลไชยปราการ
5073,ท้องถิ่นเทศบาลตำบลยางเนิ้ง
5074,ท้องถิ่นเทศบาลตำบลอมก๋อย
5075,ท้องถิ่นเทศบาลตำบลท่าเดื่อ-มืดกา
5076,ท้องถิ่นเทศบาลตำบลท่าข้าม
5077,ท้องถิ่นเทศบาลตำบลหางดง
5078,ท้องถิ่นเทศบาลตำบลหนองตองพัฒนา
5079,ท้องถิ่นเทศบาลตำบลสันทรายหลวง
5080,ท้องถิ่นเทศบาลเมืองแม่โจ้
5081,ท้องถิ่นเทศบาลตำบลสันกำแพง
5082,ท้องถิ่นเทศบาลเมืองต้นเปา
5083,ท้องถิ่นเทศบาลตำบลสันป่าตอง
5084,ท้องถิ่นเทศบาลตำบลบ้านกลาง
5085,ท้องถิ่นเทศบาลตำบลเวียงพร้าว
5086,ท้องถิ่นเทศบาลตำบลแม่อาย
5087,ท้องถิ่นเทศบาลตำบลเวียงฝาง
5088,ท้องถิ่นเทศบาลตำบลบ้านแม่ข่า
5089,ท้องถิ่นเทศบาลตำบลสะเมิงใต้
5090,ท้องถิ่นเทศบาลตำบลแม่ริม
5091,ท้องถิ่นเทศบาลตำบลสันมหาพน
5092,ท้องถิ่นเทศบาลเมืองเมืองแกนพัฒนา
5093,ท้องถิ่นเทศบาลตำบลดอยสะเก็ด
5094,ท้องถิ่นเทศบาลตำบลเมืองงาย
5095,ท้องถิ่นเทศบาลตำบลเชียงดาว
5096,ท้องถิ่นเทศบาลตำบลแม่แจ่ม
5097,ท้องถิ่นเทศบาลตำบลจอมทอง
5098,ท้องถิ่นเทศบาลตำบลช้างเผือก
5099,ท้องถิ่นเทศบาลนครเชียงใหม่
5100,จังหวัดลำพูน
5101,อำเภอเมืองลำพูน
5102,อำเภอแม่ทา
5103,อำเภอบ้านโฮ่ง
5104,อำเภอลี้
5105,อำเภอทุ่งหัวช้าง
5106,อำเภอป่าซาง
5107,อำเภอบ้านธิ
5108,อำเภอเวียงหนองล่อง
5109,กิ่งอำเภอทาขุมเงิน
5176,ท้องถิ่นเทศบาลตำบลศรีเตี้ย
5177,ท้องถิ่นเทศบาลตำบลทาสบชัย
5178,ท้องถิ่นเทศบาลตำบลหนองล่อง
5179,ท้องถิ่นเทศบาลตำบลหนองยวง
5180,ท้องถิ่นเทศบาลตำบลมะกอก
5181,ท้องถิ่นเทศบาลตำบลมะเขือแจ้
5182,ท้องถิ่นเทศบาลตำบลเวียงยอง
5183,ท้องถิ่นเทศบาลตำบลบ้านกลาง
5184,ท้องถิ่นเทศบาลตำบลเหมืองง่า
5185,ท้องถิ่นเทศบาลตำบลแม่แรง
5186,ท้องถิ่นเทศบาลตำบลบ้านธิ
5187,ท้องถิ่นเทศบาลตำบลวังผาง
5188,ท้องถิ่นเทศบาลตำบลม่วงน้อย
5189,ท้องถิ่นเทศบาลตำบลป่าซาง
5190,ท้องถิ่นเทศบาลตำบลทุ่งหัวช้าง
5191,ท้องถิ่นเทศบาลตำบลวังดิน
5192,ท้องถิ่นเทศบาลตำบลแม่ตืน
5193,ท้องถิ่นเทศบาลตำบลบ้านโฮ่ง
5194,ท้องถิ่นเทศบาลตำบลทาสบเส้า
5195,ท้องถิ่นเทศบาลตำบลทากาศ
5196,ท้องถิ่นเทศบาลตำบลอุโมงค์
5197,ท้องถิ่นเทศบาลตำบลริมปิง
5198,ท้องถิ่นเทศบาลตำบลบ้านแป้น
5199,ท้องถิ่นเทศบาลเมืองลำพูน
5200,จังหวัดลำปาง
5201,อำเภอเมืองลำปาง
5202,อำเภอแม่เมาะ
5203,อำเภอเกาะคา
5204,อำเภอเสริมงาม
5205,อำเภองาว
5206,อำเภอแจ้ห่ม
5207,อำเภอวังเหนือ
5208,อำเภอเถิน
5209,อำเภอแม่พริก
5210,อำเภอแม่ทะ
5211,อำเภอสบปราบ
5212,อำเภอห้างฉัตร
5213,อำเภอเมืองปาน
5214,กิ่งอำเภอพระธาตุเสด็จ
5215,กิ่งอำเภอวังเงิน
5275,ท้องถิ่นเทศบาลตำบลน้ำโจ้
5276,ท้องถิ่นเทศบาลตำบลแม่ทะ
5277,ท้องถิ่นเทศบาลตำบลบ้านสา
5278,ท้องถิ่นเทศบาลตำบลศาลา
5279,ท้องถิ่นเทศบาลตำบลนาแก้ว
5280,ท้องถิ่นเทศบาลตำบลลำปางหลวง
5281,ท้องถิ่นเทศบาลตำบลสิริราช
5282,ท้องถิ่นเทศบาลตำบลแม่เมาะ
5283,ท้องถิ่นเทศบาลตำบลเวียงมอก
5284,ท้องถิ่นเทศบาลตำบลห้างฉัตร
5285,ท้องถิ่นเทศบาลตำบลสบปราบ
5286,ท้องถิ่นเทศบาลตำบลป่าตันนาครัว
5287,ท้องถิ่นเทศบาลตำบลแม่พริก
5288,ท้องถิ่นเทศบาลตำบลแม่ปุ
5289,ท้องถิ่นเทศบาลเมืองล้อมแรด
5290,ท้องถิ่นเทศบาลตำบลวังเหนือ
5291,ท้องถิ่นเทศบาลตำบลบ้านใหม่
5292,ท้องถิ่นเทศบาลตำบลแจ้ห่ม
5293,ท้องถิ่นเทศบาลตำบลเสริมงาม
5294,ท้องถิ่นเทศบาลตำบลหลวงเหนือ
5295,ท้องถิ่นเทศบาลตำบลเกาะคา
5296,ท้องถิ่นเทศบาลเมืองพิชัย
5297,ท้องถิ่นเทศบาลตำบลบ่อแฮ้ว
5298,ท้องถิ่นเทศบาลเมืองเขลางค์นคร
5299,ท้องถิ่นเทศบาลนครลำปาง
5300,จังหวัดอุตรดิตถ์
5301,อำเภอเมืองอุตรดิตถ์
5302,อำเภอตรอน
5303,อำเภอท่าปลา
5304,อำเภอน้ำปาด
5305,อำเภอฟากท่า
5306,อำเภอบ้านโคก
5307,อำเภอพิชัย
5308,อำเภอลับแล
5309,อำเภอทองแสนขัน
5377,ท้องถิ่นเทศบาลตำบลท่าเสา
5378,ท้องถิ่นเทศบาลตำบลน้ำริด
5379,ท้องถิ่นเทศบาลตำบลหาดกรวด
5380,ท้องถิ่นเทศบาลตำบลจริม
5381,ท้องถิ่นเทศบาลตำบลคุ้งตะเภา
5382,ท้องถิ่นเทศบาลตำบลผาจุก
5383,ท้องถิ่นเทศบาลตำบลบ้านเกาะ
5384,ท้องถิ่นเทศบาลตำบลทองแสนขัน
5385,ท้องถิ่นเทศบาลตำบลหัวดง
5386,ท้องถิ่นเทศบาลตำบลทุ่งยั้ง
5387,ท้องถิ่นเทศบาลตำบลในเมือง
5388,ท้องถิ่นเทศบาลตำบลท่าสัก
5389,ท้องถิ่นเทศบาลตำบลบ้านโคก
5390,ท้องถิ่นเทศบาลตำบลฟากท่า
5391,ท้องถิ่นเทศบาลตำบลน้ำปาด
5392,ท้องถิ่นเทศบาลตำบลร่วมจิต
5393,ท้องถิ่นเทศบาลตำบลท่าปลา
5394,ท้องถิ่นเทศบาลตำบลบ้านแก่ง
5395,ท้องถิ่นเทศบาลตำบลตรอน
5396,ท้องถิ่นเทศบาลตำบลวังกะพี้
5397,ท้องถิ่นเทศบาลตำบลบ้านด่านนาขาม
5398,ท้องถิ่นเทศบาลตำบลศรีพนมมาศ
5399,ท้องถิ่นเทศบาลเมืองอุตรดิตถ์
5400,จังหวัดแพร่
5401,อำเภอเมืองแพร่
5402,อำเภอร้องกวาง
5403,อำเภอลอง
5404,อำเภอสูงเม่น
5405,อำเภอเด่นชัย
5406,อำเภอสอง
5407,อำเภอวังชิ้น
5408,อำเภอหนองม่วงไข่
5409,กิ่งอำเภอแดนชุมพล
5482,ท้องถิ่นเทศบาลตำบลแม่ลานนา
5483,ท้องถิ่นเทศบาลตำบลแม่ปาน
5484,ท้องถิ่นเทศบาลตำบลเวียงต้า
5485,ท้องถิ่นเทศบาลตำบลป่าแมต
5486,ท้องถิ่นเทศบาลตำบลแม่คำมี
5487,ท้องถิ่นเทศบาลตำบลหนองม่วงไข่
5488,ท้องถิ่นเทศบาลตำบลวังชิ้น
5489,ท้องถิ่นเทศบาลตำบลสอง
5490,ท้องถิ่นเทศบาลตำบลแม่จั๊วะ
5491,ท้องถิ่นเทศบาลตำบลเด่นชัย
5492,ท้องถิ่นเทศบาลตำบลสูงเม่น
5493,ท้องถิ่นเทศบาลตำบลห้วยอ้อ
5494,ท้องถิ่นเทศบาลตำบลบ้านปิน
5495,ท้องถิ่นเทศบาลตำบลร้องกวาง
5496,ท้องถิ่นเทศบาลตำบลแม่หล่าย
5497,ท้องถิ่นเทศบาลตำบลทุ่งโฮ้ง
5498,ท้องถิ่นเทศบาลตำบลช่อแฮ
5499,ท้องถิ่นเทศบาลเมืองแพร่
5500,จังหวัดน่าน
5501,อำเภอเมืองน่าน
5502,อำเภอแม่จริม
5503,อำเภอบ้านหลวง
5504,อำเภอนาน้อย
5505,อำเภอปัว
5506,อำเภอท่าวังผา
5507,อำเภอเวียงสา
5508,อำเภอทุ่งช้าง
5509,อำเภอเชียงกลาง
5510,อำเภอนาหมื่น
5511,อำเภอสันติสุข
5512,อำเภอบ่อเกลือ
5513,อำเภอสองแคว
5514,อำเภอภูเพียง
5515,อำเภอเฉลิมพระเกียรติ
5591,ท้องถิ่นเทศบาลตำบลยอด
5592,ท้องถิ่นเทศบาลตำบลเชียงกลาง
5593,ท้องถิ่นเทศบาลตำบลทุ่งช้าง
5594,ท้องถิ่นเทศบาลตำบลเวียงสา
5595,ท้องถิ่นเทศบาลตำบลท่าวังผา
5596,ท้องถิ่นเทศบาลตำบลปัว
5597,ท้องถิ่นเทศบาลตำบลนาน้อย
5598,ท้องถิ่นเทศบาลตำบลหนองแดง
5599,ท้องถิ่นเทศบาลเมืองน่าน
5600,จังหวัดพะเยา
5601,อำเภอเมืองพะเยา
5602,อำเภอจุน
5603,อำเภอเชียงคำ
5604,อำเภอเชียงม่วน
5605,อำเภอดอกคำใต้
5606,อำเภอปง
5607,อำเภอแม่ใจ
5608,อำเภอภูซาง
5609,อำเภอภูกามยาว
5610,กิ่งอำเภอฟากกว๊าน
5677,ท้องถิ่นเทศบาลตำบลบ้านต๋อม
5678,ท้องถิ่นเทศบาลตำบลห้วยลาน
5679,ท้องถิ่นเทศบาลตำบลฝายกวาง
5680,ท้องถิ่นเทศบาลตำบลเวียงลอ
5681,ท้องถิ่นเทศบาลตำบลหงส์หิน
5682,ท้องถิ่นเทศบาลตำบลจุน
5683,ท้องถิ่นเทศบาลตำบลบ้านเหล่า
5684,ท้องถิ่นเทศบาลตำบลแม่กา
5685,ท้องถิ่นเทศบาลตำบลแม่ปืม
5686,ท้องถิ่นเทศบาลตำบลบ้านต๊ำ
5687,ท้องถิ่นเทศบาลตำบลท่าวังทอง
5688,ท้องถิ่นเทศบาลตำบลดงเจน
5689,ท้องถิ่นเทศบาลตำบลสบบง
5690,ท้องถิ่นเทศบาลตำบลแม่ใจ
5691,ท้องถิ่นเทศบาลตำบลปง
5692,ท้องถิ่นเทศบาลตำบลงิม
5693,ท้องถิ่นเทศบาลเมืองดอกคำใต้
5694,ท้องถิ่นเทศบาลตำบลบ้านถ้ำ
5695,ท้องถิ่นเทศบาลตำบลเชียงม่วน
5696,ท้องถิ่นเทศบาลตำบลเวียง
5697,ท้องถิ่นเทศบาลตำบลเชียงคำ
5698,ท้องถิ่นเทศบาลตำบลห้วยข้าวก่ำ
5699,ท้องถิ่นเทศบาลเมืองพะเยา
5700,จังหวัดเชียงราย
5701,อำเภอเมืองเชียงราย
5702,อำเภอเวียงชัย
5703,อำเภอเชียงของ
5704,อำเภอเทิง
5705,อำเภอพาน
5706,อำเภอป่าแดด
5707,อำเภอแม่จัน
5708,อำเภอเชียงแสน
5709,อำเภอแม่สาย
5710,อำเภอแม่สรวย
5711,อำเภอเวียงป่าเป้า
5712,อำเภอพญาเม็งราย
5713,อำเภอเวียงแก่น
5714,อำเภอขุนตาล
5715,อำเภอแม่ฟ้าหลวง
5716,อำเภอแม่ลาว
5717,อำเภอเวียงเชียงรุ้ง
5718,อำเภอดอยหลวง
5719,กิ่งอำเภอปล้อง
5720,กิ่งอำเภอนาแล
5721,กิ่งอำเภอดอยสัก
5722,กิ่งอำเภอแม่อ้อ
5723,กิ่งอำเภอวาวี
5724,กิ่งอำเภอแม่ขะจาน
5764,ท้องถิ่นเทศบาลตำบลแม่ยาว
5765,ท้องถิ่นเทศบาลตำบลห้วยซ้อ
5766,ท้องถิ่นเทศบาลตำบลไม้ยา
5767,ท้องถิ่นเทศบาลตำบลครึ่ง
5768,ท้องถิ่นเทศบาลตำบลป่าอ้อดอนชัย
5769,ท้องถิ่นเทศบาลตำบลยางฮอม
5770,ท้องถิ่นเทศบาลตำบลเวียง
5771,ท้องถิ่นเทศบาลตำบลนางแล
5772,ท้องถิ่นเทศบาลตำบลป่าซาง
5773,ท้องถิ่นเทศบาลตำบลเวียงพางคำ
5774,ท้องถิ่นเทศบาลตำบลบ้านดู่
5775,ท้องถิ่นเทศบาลตำบลบ้านเหล่า
5776,ท้องถิ่นเทศบาลตำบลแม่ลาว
5777,ท้องถิ่นเทศบาลตำบลป่าก่อดำ
5778,ท้องถิ่นเทศบาลตำบลบ้านต้า
5779,ท้องถิ่นเทศบาลตำบลพญาเม็งราย
5780,ท้องถิ่นเทศบาลตำบลเวียงป่าเป้า
5781,ท้องถิ่นเทศบาลตำบลแม่ขะจาน
5782,ท้องถิ่นเทศบาลตำบลเจดีย์หลวง
5783,ท้องถิ่นเทศบาลตำบลแม่สรวย
5784,ท้องถิ่นเทศบาลตำบลห้วยไคร้
5785,ท้องถิ่นเทศบาลตำบลแม่สาย
5786,ท้องถิ่นเทศบาลตำบลเวียงเชียงแสน
5787,ท้องถิ่นเทศบาลตำบลสันทราย
5788,ท้องถิ่นเทศบาลตำบลแม่จัน
5789,ท้องถิ่นเทศบาลตำบลแม่คำ
5790,ท้องถิ่นเทศบาลตำบลจันจว้า
5791,ท้องถิ่นเทศบาลตำบลป่าแดด
5792,ท้องถิ่นเทศบาลตำบลป่าแงะ
5793,ท้องถิ่นเทศบาลตำบลเมืองพาน
5794,ท้องถิ่นเทศบาลตำบลเวียงเทิง
5795,ท้องถิ่นเทศบาลตำบลบ้านปล้อง
5796,ท้องถิ่นเทศบาลตำบลเวียงเชียงของ
5797,ท้องถิ่นเทศบาลตำบลบุญเรือง
5798,ท้องถิ่นเทศบาลตำบลเวียงชัย
5799,ท้องถิ่นเทศบาลนครเชียงราย
5800,จังหวัดแม่ฮ่องสอน
5801,อำเภอเมืองแม่ฮ่องสอน
5802,อำเภอขุนยวม
5803,อำเภอปาย
5804,อำเภอแม่สะเรียง
5805,อำเภอแม่ลาน้อย
5806,อำเภอสบเมย
5807,อำเภอปางมะผ้า
5808,กิ่งอำเภอห้วยโป่ง
5895,ท้องถิ่นเทศบาลตำบลแม่ลาน้อย
5896,ท้องถิ่นเทศบาลตำบลแม่สะเรียง
5897,ท้องถิ่นเทศบาลตำบลปาย
5898,ท้องถิ่นเทศบาลตำบลขุนยวม
5899,ท้องถิ่นเทศบาลเมืองแม่ฮ่องสอน
6000,จังหวัดนครสวรรค์
6001,อำเภอเมืองนครสวรรค์
6002,อำเภอโกรกพระ
6003,อำเภอชุมแสง
6004,อำเภอหนองบัว
6005,อำเภอบรรพตพิสัย
6006,อำเภอเก้าเลี้ยว
6007,อำเภอตาคลี
6008,อำเภอท่าตะโก
6009,อำเภอไพศาลี
6010,อำเภอพยุหะคีรี
6011,อำเภอลาดยาว
6012,อำเภอตากฟ้า
6013,อำเภอแม่วงก์
6014,อำเภอแม่เปิน
6015,อำเภอชุมตาบง
6016,กิ่งอำเภอช่องแค
6051,สาขาตำบลห้วยน้ำหอม
6052,สาขาตำบลชุมตาบง
6053,สาขาตำบลแม่เล่ย์ อำเภอแม่วงก์
6065,ท้องถิ่นเทศบาลตำบลขามทะเลสอ
6082,ท้องถิ่นเทศบาลตำบลตากฟ้า
6083,ท้องถิ่นเทศบาลตำบลลาดยาว
6084,ท้องถิ่นเทศบาลตำบลศาลเจ้าไก่ต่อ
6085,ท้องถิ่นเทศบาลตำบลพยุหะ
6086,ท้องถิ่นเทศบาลตำบลท่าน้ำอ้อยม่วงหัก
6087,ท้องถิ่นเทศบาลตำบลไพศาลี
6088,ท้องถิ่นเทศบาลตำบลท่าตะโก
6089,ท้องถิ่นเทศบาลตำบลช่องแค
6090,ท้องถิ่นเทศบาลตำบลเก้าเลี้ยว
6091,ท้องถิ่นเทศบาลตำบลบรรพตพิสัย
6092,ท้องถิ่นเทศบาลตำบลหนองบัว
6093,ท้องถิ่นเทศบาลตำบลทับกฤช
6094,ท้องถิ่นเทศบาลตำบลบางประมุง
6095,ท้องถิ่นเทศบาลตำบลโกรกพระ
6096,ท้องถิ่นเทศบาลตำบลหนองเบน
6097,ท้องถิ่นเทศบาลเมืองตาคลี
6098,ท้องถิ่นเทศบาลเมืองชุมแสง
6099,ท้องถิ่นเทศบาลนครนครสวรรค์
6100,จังหวัดอุทัยธานี
6101,อำเภอเมืองอุทัยธานี
6102,อำเภอทัพทัน
6103,อำเภอสว่างอารมณ์
6104,อำเภอหนองฉาง
6105,อำเภอหนองขาหย่าง
6106,อำเภอบ้านไร่
6107,อำเภอลานสัก
6108,อำเภอห้วยคต
6189,ท้องถิ่นเทศบาลตำบลหนองสระ
6190,ท้องถิ่นเทศบาลตำบลลานสัก
6191,ท้องถิ่นเทศบาลตำบลเมืองการุ้ง
6192,ท้องถิ่นเทศบาลตำบลบ้านไร่
6193,ท้องถิ่นเทศบาลตำบลหนองขาหย่าง
6194,ท้องถิ่นเทศบาลตำบลหนองฉาง
6195,ท้องถิ่นเทศบาลตำบลเขาบางแกรก
6196,ท้องถิ่นเทศบาลตำบลสว่างอารมณ์
6197,ท้องถิ่นเทศบาลตำบลทัพทัน
6198,ท้องถิ่นเทศบาลตำบลตลุกดู่
6199,ท้องถิ่นเทศบาลเมืองอุทัยธานี
6200,จังหวัดกำแพงเพชร
6201,อำเภอเมืองกำแพงเพชร
6202,อำเภอไทรงาม
6203,อำเภอคลองลาน
6204,อำเภอขาณุวรลักษบุรี
6205,อำเภอคลองขลุง
6206,อำเภอพรานกระต่าย
6207,อำเภอลานกระบือ
6208,อำเภอทรายทองวัฒนา
6209,อำเภอปางศิลาทอง
6210,อำเภอบึงสามัคคี
6211,อำเภอโกสัมพีนคร
6212,กิ่งอำเภอนครไตรตรึงษ์
6213,กิ่งอำเภอปางมะคา
6278,ท้องถิ่นเทศบาลเมืองปางมะค่า
6279,ท้องถิ่นเทศบาลตำบลบ้านพราน
6280,ท้องถิ่นเทศบาลตำบลระหาน
6281,ท้องถิ่นเทศบาลตำบลคลองพิไกร
6282,ท้องถิ่นเทศบาลตำบลนิคมทุ่งโพธิ์ทะเล
6283,ท้องถิ่นเทศบาลตำบลวังยาง
6284,ท้องถิ่นเทศบาลตำบลทุ่งทราย
6285,ท้องถิ่นเทศบาลตำบลเทพนคร
6286,ท้องถิ่นเทศบาลตำบลคลองลานพัฒนา
6287,ท้องถิ่นเทศบาลตำบลช่องลม
6288,ท้องถิ่นเทศบาลตำบลลานกระบือ
6289,ท้องถิ่นเทศบาลตำบลพรานกระต่าย
6290,ท้องถิ่นเทศบาลตำบลท่ามะเขือ
6291,ท้องถิ่นเทศบาลตำบลท่าพุทรา
6292,ท้องถิ่นเทศบาลตำบลคลองขลุง
6293,ท้องถิ่นเทศบาลตำบลสลกบาตร
6294,ท้องถิ่นเทศบาลตำบลขาณุวรลักษบุรี
6295,ท้องถิ่นเทศบาลตำบลไทรงาม
6296,ท้องถิ่นเทศบาลตำบลปากดง
6297,ท้องถิ่นเทศบาลตำบลนครชุม
6298,ท้องถิ่นเทศบาลตำบลคลองแม่ลาย
6299,ท้องถิ่นเทศบาลเมืองกำแพงเพชร
6300,จังหวัดตาก
6301,อำเภอเมืองตาก
6302,อำเภอบ้านตาก
6303,อำเภอสามเงา
6304,อำเภอแม่ระมาด
6305,อำเภอท่าสองยาง
6306,อำเภอแม่สอด
6307,อำเภอพบพระ
6308,อำเภออุ้มผาง
6309,อำเภอวังเจ้า
6310,กิ่งอำเภอวังประจบ
6311,กิ่งอำเภอด่านแม่ละเมา
6386,ท้องถิ่นเทศบาลตำบลไม้งาม
6387,ท้องถิ่นเทศบาลตำบลวังเจ้า
6388,ท้องถิ่นเทศบาลตำบลอุ้มผาง
6389,ท้องถิ่นเทศบาลตำบลพบพระ
6390,ท้องถิ่นเทศบาลตำบลแม่กุ
6391,ท้องถิ่นเทศบาลตำบลท่าสายลวด
6392,ท้องถิ่นเทศบาลตำบลแม่ต้าน
6393,ท้องถิ่นเทศบาลตำบลแม่ระมาด
6394,ท้องถิ่นเทศบาลตำบลแม่จะเรา
6395,ท้องถิ่นเทศบาลตำบลสามเงา
6396,ท้องถิ่นเทศบาลตำบลบ้านตาก
6397,ท้องถิ่นเทศบาลตำบลทุ่งกระเชาะ
6398,ท้องถิ่นเทศบาลนครแม่สอด
6399,ท้องถิ่นเทศบาลเมืองตาก
6400,จังหวัดสุโขทัย
6401,อำเภอเมืองสุโขทัย
6402,อำเภอบ้านด่านลานหอย
6403,อำเภอคีรีมาศ
6404,อำเภอกงไกรลาศ
6405,อำเภอศรีสัชนาลัย
6406,อำเภอศรีสำโรง
6407,อำเภอสวรรคโลก
6408,อำเภอศรีนคร
6409,อำเภอทุ่งเสลี่ยม
6410,กิ่งอำเภอเชียงชื่น
6484,ท้องถิ่นเทศบาลตำบลในเมือง
6485,ท้องถิ่นเทศบาลตำบลป่ากุมเกาะ
6486,ท้องถิ่นเทศบาลตำบลบ้านกล้วย
6487,ท้องถิ่นเทศบาลตำบลทุ่งเสลี่ยม
6488,ท้องถิ่นเทศบาลตำบลศรีนคร
6489,ท้องถิ่นเทศบาลตำบลศรีสำโรง
6490,ท้องถิ่นเทศบาลตำบลหาดเสี้ยว
6491,ท้องถิ่นเทศบาลเมืองศรีสัชนาลัย
6492,ท้องถิ่นเทศบาลตำบลกงไกรลาศ
6493,ท้องถิ่นเทศบาลตำบลบ้านโตนด
6494,ท้องถิ่นเทศบาลตำบลทุ่งหลวง
6495,ท้องถิ่นเทศบาลตำบลลานหอย
6496,ท้องถิ่นเทศบาลตำบลเมืองเก่า
6497,ท้องถิ่นเทศบาลตำบลบ้านสวน
6498,ท้องถิ่นเทศบาลเมืองสวรรคโลก
6499,ท้องถิ่นเทศบาลเมืองสุโขทัยธานี
6500,จังหวัดพิษณุโลก
6501,อำเภอเมืองพิษณุโลก
6502,อำเภอนครไทย
6503,อำเภอชาติตระการ
6504,อำเภอบางระกำ
6505,อำเภอบางกระทุ่ม
6506,อำเภอพรหมพิราม
6507,อำเภอวัดโบสถ์
6508,อำเภอวังทอง
6509,อำเภอเนินมะปราง
6510,กิ่งอำเภอทรัพย์ไพรวัลย์
6511,กิ่งอำเภอวงฆ้อง
6512,กิ่งอำเภอนิคมหนองกุลา
6513,กิ่งอำเภอวังน้ำคู้
6514,กิ่งอำเภอนครบางยาง
6580,ท้องถิ่นเทศบาลเมืองอรัญญิก
6581,ท้องถิ่นเทศบาลตำบลบ้านมุง
6582,ท้องถิ่นเทศบาลตำบลบึงระมาณ
6583,ท้องถิ่นเทศบาลตำบลพลายชุมพล
6584,ท้องถิ่นเทศบาลตำบลพันเสา
6585,ท้องถิ่นเทศบาลตำบลไทรย้อย
6586,ท้องถิ่นเทศบาลตำบลบ้านแยง
6587,ท้องถิ่นเทศบาลตำบลเนินมะปราง
6588,ท้องถิ่นเทศบาลตำบลวังทอง
6589,ท้องถิ่นเทศบาลตำบลวัดโบสถ์
6590,ท้องถิ่นเทศบาลตำบลวงฆ้อง
6591,ท้องถิ่นเทศบาลตำบลพรหมพิราม
6592,ท้องถิ่นเทศบาลตำบลบางกระทุ่ม
6593,ท้องถิ่นเทศบาลตำบลเนินกุ่ม
6594,ท้องถิ่นเทศบาลตำบลปลักแรด
6595,ท้องถิ่นเทศบาลตำบลบางระกำ
6596,ท้องถิ่นเทศบาลตำบลป่าแดง
6597,ท้องถิ่นเทศบาลตำบลนครไทย
6598,ท้องถิ่นเทศบาลตำบลบ้านใหม่
6599,ท้องถิ่นเทศบาลนครพิษณุโลก
6600,จังหวัดพิจิตร
6601,อำเภอเมืองพิจิตร
6602,อำเภอวังทรายพูน
6603,อำเภอโพธิ์ประทับช้าง
6604,อำเภอตะพานหิน
6605,อำเภอบางมูลนาก
6606,อำเภอโพทะเล
6607,อำเภอสามง่าม
6608,อำเภอทับคล้อ
6609,อำเภอสากเหล็ก
6610,อำเภอบึงนาราง
6611,อำเภอดงเจริญ
6612,อำเภอวชิรบารมี
6676,ท้องถิ่นเทศบาลตำบลหนองพยอม
6677,ท้องถิ่นเทศบาลตำบลหนองปล้อง
6678,ท้องถิ่นเทศบาลตำบลเนินมะกอก
6679,ท้องถิ่นเทศบาลตำบลหอไกร
6680,ท้องถิ่นเทศบาลตำบลดงป่าคำ
6681,ท้องถิ่นเทศบาลตำบลเนินปอ
6682,ท้องถิ่นเทศบาลตำบลสำนักขุนเณร
6683,ท้องถิ่นเทศบาลตำบลสากเหล็ก
6684,ท้องถิ่นเทศบาลตำบลทับคล้อ
6685,ท้องถิ่นเทศบาลตำบลเขาทราย
6686,ท้องถิ่นเทศบาลตำบลสามง่าม
6687,ท้องถิ่นเทศบาลตำบลกำแพงดิน
6688,ท้องถิ่นเทศบาลตำบลโพทะเล
6689,ท้องถิ่นเทศบาลตำบลท่าเสา
6690,ท้องถิ่นเทศบาลตำบลวังตะกู
6691,ท้องถิ่นเทศบาลตำบลบางไผ่
6692,ท้องถิ่นเทศบาลตำบลโพธิ์ประทับช้าง
6693,ท้องถิ่นเทศบาลตำบลวังทรายพูน
6694,ท้องถิ่นเทศบาลตำบลหัวดง
6695,ท้องถิ่นเทศบาลตำบลวังกรด
6696,ท้องถิ่นเทศบาลตำบลท่าฬ่อ
6697,ท้องถิ่นเทศบาลเมืองบางมูลนาก
6698,ท้องถิ่นเทศบาลเมืองตะพานหิน
6699,ท้องถิ่นเทศบาลเมืองพิจิตร
6700,จังหวัดเพชรบูรณ์
6701,อำเภอเมืองเพชรบูรณ์
6702,อำเภอชนแดน
6703,อำเภอหล่มสัก
6704,อำเภอหล่มเก่า
6705,อำเภอวิเชียรบุรี
6706,อำเภอศรีเทพ
6707,อำเภอหนองไผ่
6708,อำเภอบึงสามพัน
6709,อำเภอน้ำหนาว
6710,อำเภอวังโป่ง
6711,อำเภอเขาค้อ
6712,กิ่งอำเภอวังชมภู
6713,กิ่งอำเภอพุเตย
6714,กิ่งอำเภอดงขุย
6715,กิ่งอำเภอเมืองกลาง
6778,ท้องถิ่นเทศบาลตำบลแคมป์สน
6779,ท้องถิ่นเทศบาลตำบลโคกสะอาด
6780,ท้องถิ่นเทศบาลตำบลบัววัฒนา
6781,ท้องถิ่นเทศบาลตำบลบ่อไทย
6782,ท้องถิ่นเทศบาลตำบลนางั่ว
6783,ท้องถิ่นเทศบาลตำบลเฉลียงทอง
6784,ท้องถิ่นเทศบาลตำบลวังโป่ง
6785,ท้องถิ่นเทศบาลตำบลท้ายดง
6786,ท้องถิ่นเทศบาลตำบลซับสมอทอด
6787,ท้องถิ่นเทศบาลตำบลหนองไผ่
6788,ท้องถิ่นเทศบาลตำบลนาเฉลียง
6789,ท้องถิ่นเทศบาลตำบลสว่างวัฒนา
6790,ท้องถิ่นเทศบาลเมืองวิเชียรบุรี
6791,ท้องถิ่นเทศบาลตำบลพุเตย
6792,ท้องถิ่นเทศบาลตำบลหล่มเก่า
6793,ท้องถิ่นเทศบาลตำบลท่าข้าม
6794,ท้องถิ่นเทศบาลตำบลดงขุย
6795,ท้องถิ่นเทศบาลตำบลชนแดน
6796,ท้องถิ่นเทศบาลตำบลวังชมภู
6797,ท้องถิ่นเทศบาลตำบลท่าพล
6798,ท้องถิ่นเทศบาลเมืองหล่มสัก
6799,ท้องถิ่นเทศบาลเมืองเพชรบูรณ์
7000,จังหวัดราชบุรี
7001,อำเภอเมืองราชบุรี
7002,อำเภอจอมบึง
7003,อำเภอสวนผึ้ง
7004,อำเภอดำเนินสะดวก
7005,อำเภอบ้านโป่ง
7006,อำเภอบางแพ
7007,อำเภอโพธาราม
7008,อำเภอปากท่อ
7009,อำเภอวัดเพลง
7010,อำเภอบ้านคา
7070,ท้องถิ่นเทศบาลตำบลดอนทราย
7071,ท้องถิ่นเทศบาลตำบลหลุมดิน
7072,ท้องถิ่นเทศบาลตำบลเบิกไพร
7073,ท้องถิ่นเทศบาลตำบลทุ่งหลวง
7074,ท้องถิ่นเทศบาลตำบลบ้านฆ้อง
7075,ท้องถิ่นเทศบาลตำบลกรับใหญ่
7076,ท้องถิ่นเทศบาลตำบลบ้านสิงห์
7077,ท้องถิ่นเทศบาลตำบลวัดเพลง
7078,ท้องถิ่นเทศบาลตำบลปากท่อ
7079,ท้องถิ่นเทศบาลตำบลหนองโพ
7080,ท้องถิ่นเทศบาลตำบลบ้านเลือก
7081,ท้องถิ่นเทศบาลตำบลเจ็ดเสมียน
7082,ท้องถิ่นเทศบาลตำบลเขาขวาง
7083,ท้องถิ่นเทศบาลตำบลโพหัก
7084,ท้องถิ่นเทศบาลตำบลบางแพ
7085,ท้องถิ่นเทศบาลตำบลห้วยกระบอก
7086,ท้องถิ่นเทศบาลเมืองท่าผา
7087,ท้องถิ่นเทศบาลตำบลกระจับ
7088,ท้องถิ่นเทศบาลตำบลศรีดอนไผ่
7089,ท้องถิ่นเทศบาลตำบลดำเนินสะดวก
7090,ท้องถิ่นเทศบาลตำบลสวนผึ้ง
7091,ท้องถิ่นเทศบาลตำบลบ้านชัฏป่าหวาย
7092,ท้องถิ่นเทศบาลตำบลด่านทับตะโก
7093,ท้องถิ่นเทศบาลตำบลจอมบึง
7094,ท้องถิ่นเทศบาลตำบลห้วยชินสีห์
7095,ท้องถิ่นเทศบาลตำบลหลักเมือง
7096,ท้องถิ่นเทศบาลตำบลเขางู
7097,ท้องถิ่นเทศบาลเมืองโพธาราม
7098,ท้องถิ่นเทศบาลเมืองบ้านโป่ง
7099,ท้องถิ่นเทศบาลเมืองราชบุรี
7100,จังหวัดกาญจนบุรี
7101,อำเภอเมืองกาญจนบุรี
7102,อำเภอไทรโยค
7103,อำเภอบ่อพลอย
7104,อำเภอศรีสวัสดิ์
7105,อำเภอท่ามะกา
7106,อำเภอท่าม่วง
7107,อำเภอทองผาภูมิ
7108,อำเภอสังขละบุรี
7109,อำเภอพนมทวน
7110,อำเภอเลาขวัญ
7111,อำเภอด่านมะขามเตี้ย
7112,อำเภอหนองปรือ
7113,อำเภอห้วยกระเจา
7151,สาขาตำบลท่ากระดาน อำเภอศรีสวัสดิ์
7167,ท้องถิ่นเทศบาลตำบลรางหวาย
7168,ท้องถิ่นเทศบาลตำบลหนองสาหร่าย
7169,ท้องถิ่นเทศบาลเมืองปากแพรก
7170,ท้องถิ่นเทศบาลตำบลวังศาลา
7171,ท้องถิ่นเทศบาลตำบลท่าล้อ
7172,ท้องถิ่นเทศบาลตำบลวังขนาย
7173,ท้องถิ่นเทศบาลตำบลหนองปรือ
7174,ท้องถิ่นเทศบาลตำบลด่านมะขามเตี้ย
7175,ท้องถิ่นเทศบาลตำบลหนองฝ้าย
7176,ท้องถิ่นเทศบาลตำบลเลาขวัญ
7177,ท้องถิ่นเทศบาลตำบลตลาดเขต
7178,ท้องถิ่นเทศบาลตำบลพนมทวน
7179,ท้องถิ่นเทศบาลตำบลวังกะ
7180,ท้องถิ่นเทศบาลตำบลทองผาภูมิ
7181,ท้องถิ่นเทศบาลตำบลหนองตากยา
7182,ท้องถิ่นเทศบาลตำบลหนองขาว
7183,ท้องถิ่นเทศบาลตำบลสำรอง
7184,ท้องถิ่นเทศบาลตำบลท่าม่วง
7185,ท้องถิ่นเทศบาลตำบลหวายเหนียว
7186,ท้องถิ่นเทศบาลตำบลพระแท่น
7187,ท้องถิ่นเทศบาลตำบลท่าไม้
7188,ท้องถิ่นเทศบาลตำบลท่ามะกา
7189,ท้องถิ่นเทศบาลตำบลลูกแก
7190,ท้องถิ่นเทศบาลตำบลเอราวัณ
7191,ท้องถิ่นเทศบาลตำบลหนองรี
7192,ท้องถิ่นเทศบาลตำบลบ่อพลอย
7193,ท้องถิ่นเทศบาลตำบลวังโพธิ์
7194,ท้องถิ่นเทศบาลตำบลน้ำตกไทรโยคน้อย
7195,ท้องถิ่นเทศบาลตำบลหนองบัว
7196,ท้องถิ่นเทศบาลตำบลลาดหญ้า
7197,ท้องถิ่นเทศบาลตำบลแก่งเสี้ยน
7198,ท้องถิ่นเทศบาลเมืองท่าเรือพระแท่น
7199,ท้องถิ่นเทศบาลเมืองกาญจนบุรี
7200,จังหวัดสุพรรณบุรี
7201,อำเภอเมืองสุพรรณบุรี
7202,อำเภอเดิมบางนางบวช
7203,อำเภอด่านช้าง
7204,อำเภอบางปลาม้า
7205,อำเภอศรีประจันต์
7206,อำเภอดอนเจดีย์
7207,อำเภอสองพี่น้อง
7208,อำเภอสามชุก
7209,อำเภออู่ทอง
7210,อำเภอหนองหญ้าไซ
7211,กิ่งอำเภอบางตาเถร
7212,กิ่งอำเภอเนินพลับพลา
7265,ท้องถิ่นเทศบาลตำบลปากน้ำ
7266,ท้องถิ่นเทศบาลตำบลท้าวอู่ทอง
7267,ท้องถิ่นเทศบาลตำบลกระจัน
7268,ท้องถิ่นเทศบาลตำบลบ้านโข้ง
7269,ท้องถิ่นเทศบาลตำบลเดิมบาง
7270,ท้องถิ่นเทศบาลตำบลบางกุ้ง
7271,ท้องถิ่นเทศบาลตำบลท่าระหัด
7272,ท้องถิ่นเทศบาลตำบลตะค่า
7273,ท้องถิ่นเทศบาลตำบลบ้านดอน
7274,ท้องถิ่นเทศบาลตำบลต้นคราม
7275,ท้องถิ่นเทศบาลตำบลปลายนา
7276,ท้องถิ่นเทศบาลตำบลขุนพัดเพ็ง
7277,ท้องถิ่นเทศบาลตำบลวังยาง
7278,ท้องถิ่นเทศบาลตำบลเขาดิน
7279,ท้องถิ่นเทศบาลตำบลหนองหญ้าไซ
7280,ท้องถิ่นเทศบาลตำบลอู่ทอง
7281,ท้องถิ่นเทศบาลตำบลสระยายโสม
7282,ท้องถิ่นเทศบาลตำบลสามชุก
7283,ท้องถิ่นเทศบาลตำบลทุ่งคอก
7284,ท้องถิ่นเทศบาลตำบลสระกระโจม
7285,ท้องถิ่นเทศบาลตำบลดอนเจดีย์
7286,ท้องถิ่นเทศบาลตำบลศรีประจันต์
7287,ท้องถิ่นเทศบาลตำบลไผ่กองดิน
7288,ท้องถิ่นเทศบาลตำบลบ้านแหลม
7289,ท้องถิ่นเทศบาลตำบลบางปลาม้า
7290,ท้องถิ่นเทศบาลตำบลโคกคราม
7291,ท้องถิ่นเทศบาลตำบลด่านช้าง
7292,ท้องถิ่นเทศบาลตำบลบ่อกรุ
7293,ท้องถิ่นเทศบาลตำบลนางบวช
7294,ท้องถิ่นเทศบาลตำบลเขาพระ
7295,ท้องถิ่นเทศบาลตำบลสวนแตง
7296,ท้องถิ่นเทศบาลตำบลโพธิ์พระยา
7297,ท้องถิ่นเทศบาลตำบลท่าเสด็จ
7298,ท้องถิ่นเทศบาลเมืองสองพี่น้อง
7299,ท้องถิ่นเทศบาลเมืองสุพรรณบุรี
7300,จังหวัดนครปฐม
7301,อำเภอเมืองนครปฐม
7302,อำเภอกำแพงแสน
7303,อำเภอนครชัยศรี
7304,อำเภอดอนตูม
7305,อำเภอบางเลน
7306,อำเภอสามพราน
7307,อำเภอพุทธมณฑล
7380,ท้องถิ่นเทศบาลตำบลบ่อพลับ
7381,ท้องถิ่นเทศบาลตำบลบางกระทึก
7382,ท้องถิ่นเทศบาลเมืองกระทุ่มล้ม
7383,ท้องถิ่นเทศบาลเมืองไร่ขิง
7384,ท้องถิ่นเทศบาลตำบลคลองโยง
7385,ท้องถิ่นเทศบาลตำบลศาลายา
7386,ท้องถิ่นเทศบาลตำบลอ้อมใหญ่
7387,ท้องถิ่นเทศบาลเมืองสามพราน
7388,ท้องถิ่นเทศบาลตำบลลำพญา
7389,ท้องถิ่นเทศบาลตำบลรางกระทุ่ม
7390,ท้องถิ่นเทศบาลตำบลบางหลวง
7391,ท้องถิ่นเทศบาลตำบลบางเลน
7392,ท้องถิ่นเทศบาลตำบลสามง่าม
7393,ท้องถิ่นเทศบาลตำบลห้วยพลู
7394,ท้องถิ่นเทศบาลตำบลนครชัยศรี
7395,ท้องถิ่นเทศบาลตำบลกำแพงแสน
7396,ท้องถิ่นเทศบาลตำบลโพรงมะเดื่อ
7397,ท้องถิ่นเทศบาลตำบลธรรมศาลา
7398,ท้องถิ่นเทศบาลตำบลดอนยายหอม
7399,ท้องถิ่นเทศบาลนครนครปฐม
7400,จังหวัดสมุทรสาคร
7401,อำเภอเมืองสมุทรสาคร
7402,อำเภอกระทุ่มแบน
7403,อำเภอบ้านแพ้ว
7491,ท้องถิ่นเทศบาลตำบลสวนหลวง
7492,ท้องถิ่นเทศบาลตำบลนาดี
7493,ท้องถิ่นเทศบาลตำบลหลักห้า
7494,ท้องถิ่นเทศบาลตำบลบ้านแพ้ว
7495,ท้องถิ่นเทศบาลตำบลเกษตรพัฒนา
7496,ท้องถิ่นเทศบาลตำบลบางปลา
7497,ท้องถิ่นเทศบาลนครอ้อมน้อย
7498,ท้องถิ่นเทศบาลเมืองกระทุ่มแบน
7499,ท้องถิ่นเทศบาลนครสมุทรสาคร
7500,จังหวัดสมุทรสงคราม
7501,อำเภอเมืองสมุทรสงคราม
7502,อำเภอบางคนที
7503,อำเภออัมพวา
7595,ท้องถิ่นเทศบาลตำบลเหมืองใหม่
7596,ท้องถิ่นเทศบาลตำบลบางนกแขวก
7597,ท้องถิ่นเทศบาลตำบลกระดังงา
7598,ท้องถิ่นเทศบาลตำบลอัมพวา
7599,ท้องถิ่นเทศบาลเมืองสมุทรสงคราม
7600,จังหวัดเพชรบุรี
7601,อำเภอเมืองเพชรบุรี
7602,อำเภอเขาย้อย
7603,อำเภอหนองหญ้าปล้อง
7604,อำเภอชะอำ
7605,อำเภอท่ายาง
7606,อำเภอบ้านลาด
7607,อำเภอบ้านแหลม
7608,อำเภอแก่งกระจาน
7609,กิ่งอำเภอเขาลูกช้าง
7688,ท้องถิ่นเทศบาลตำบลท่าแลง
7689,ท้องถิ่นเทศบาลตำบลบ้านแหลม
7690,ท้องถิ่นเทศบาลตำบลบางตะบูน
7691,ท้องถิ่นเทศบาลตำบลบ้านลาด
7692,ท้องถิ่นเทศบาลตำบลหนองจอก
7693,ท้องถิ่นเทศบาลตำบลท่ายาง
7694,ท้องถิ่นเทศบาลตำบลนายาง
7695,ท้องถิ่นเทศบาลตำบลเขาย้อย
7696,ท้องถิ่นเทศบาลตำบลหาดเจ้าสำราญ
7697,ท้องถิ่นเทศบาลตำบลหัวสะพาน
7698,ท้องถิ่นเทศบาลเมืองชะอำ
7699,ท้องถิ่นเทศบาลเมืองเพชรบุรี
7700,จังหวัดประจวบคีรีขันธ์
7701,อำเภอเมืองประจวบคีรีขันธ์
7702,อำเภอกุยบุรี
7703,อำเภอทับสะแก
7704,อำเภอบางสะพาน
7705,อำเภอบางสะพานน้อย
7706,อำเภอปราณบุรี
7707,อำเภอหัวหิน
7708,อำเภอสามร้อยยอด
7784,ท้องถิ่นเทศบาลตำบลเขาน้อย
7785,ท้องถิ่นเทศบาลตำบลไร่เก่า
7786,ท้องถิ่นเทศบาลตำบลหนองพลับ
7787,ท้องถิ่นเทศบาลตำบลปากน้ำปราณ
7788,ท้องถิ่นเทศบาลตำบลปราณบุรี
7789,ท้องถิ่นเทศบาลตำบลบางสะพานน้อย
7790,ท้องถิ่นเทศบาลตำบลร่อนทอง
7791,ท้องถิ่นเทศบาลตำบลบ้านกรูด
7792,ท้องถิ่นเทศบาลตำบลกำเนิดนพคุณ
7793,ท้องถิ่นเทศบาลตำบลทับสะแก
7794,ท้องถิ่นเทศบาลตำบลไร่ใหม่
7795,ท้องถิ่นเทศบาลตำบลกุยบุรี
7796,ท้องถิ่นเทศบาลตำบลคลองวาฬ
7797,ท้องถิ่นเทศบาลตำบล กม.5
7798,ท้องถิ่นเทศบาลเมืองหัวหิน
7799,ท้องถิ่นเทศบาลเมืองประจวบคีรีขันธ์
8000,จังหวัดนครศรีธรรมราช
8001,อำเภอเมืองนครศรีธรรมราช
8002,อำเภอพรหมคีรี
8003,อำเภอลานสกา
8004,อำเภอฉวาง
8005,อำเภอพิปูน
8006,อำเภอเชียรใหญ่
8007,อำเภอชะอวด
8008,อำเภอท่าศาลา
8009,อำเภอทุ่งสง
8010,อำเภอนาบอน
8011,อำเภอทุ่งใหญ่
8012,อำเภอปากพนัง
8013,อำเภอร่อนพิบูลย์
8014,อำเภอสิชล
8015,อำเภอขนอม
8016,อำเภอหัวไทร
8017,อำเภอบางขัน
8018,อำเภอถ้ำพรรณรา
8019,อำเภอจุฬาภรณ์
8020,อำเภอพระพรหม
8021,อำเภอนบพิตำ
8022,อำเภอช้างกลาง
8023,อำเภอเฉลิมพระเกียรติ
8024,กิ่งอำเภอกะปาง
8025,กิ่งอำเภอราษฎร์ภักดี
8026,กิ่งอำเภอกลาย
8027,กิ่งอำเภอนาหลวง
8051,สาขาตำบลเสือหึง อำเภอเชียรใหญ่
8052,สาขาตำบลสวนหลวง
8053,สาขาตำบลหินตก อำเภอร่อนพิบูลย์
8054,สาขาตำบลควนชะลิก อำเภอหัวไทร
8055,สาขาตำบลกะปาง อำเภอทุ่งสง
8070,ท้องถิ่นเทศบาลตำบลหน้าสตน
8071,ท้องถิ่นเทศบาลตำบลเขาพระ
8072,ท้องถิ่นเทศบาลตำบลเกาะเพชร
8073,ท้องถิ่นเทศบาลตำบลทางพูน
8074,ท้องถิ่นเทศบาลตำบลที่วัง
8075,ท้องถิ่นเทศบาลตำบลท้องเนียน
8076,ท้องถิ่นเทศบาลตำบลหัวไทร
8077,ท้องถิ่นเทศบาลตำบลขนอม
8078,ท้องถิ่นเทศบาลตำบลสิชล
8079,ท้องถิ่นเทศบาลตำบลหินตก
8080,ท้องถิ่นเทศบาลตำบลร่อนพิบูลย์
8081,ท้องถิ่นเทศบาลตำบลเขาชุมทอง
8082,ท้องถิ่นเทศบาลตำบลท่ายาง
8083,ท้องถิ่นเทศบาลตำบลนาบอน
8084,ท้องถิ่นเทศบาลตำบลท่าศาลา
8085,ท้องถิ่นเทศบาลตำบลชะอวด
8086,ท้องถิ่นเทศบาลตำบลเชียรใหญ่
8087,ท้องถิ่นเทศบาลตำบลพิปูน
8088,ท้องถิ่นเทศบาลตำบลไม้เรียง
8089,ท้องถิ่นเทศบาลตำบลฉวาง
8090,ท้องถิ่นเทศบาลตำบลจันดี
8091,ท้องถิ่นเทศบาลตำบลลานสกา
8092,ท้องถิ่นเทศบาลตำบลพรหมโลก
8093,ท้องถิ่นเทศบาลตำบลทอนหงส์
8094,ท้องถิ่นเทศบาลตำบลปากนคร
8095,ท้องถิ่นเทศบาลตำบลบางจาก
8096,ท้องถิ่นเทศบาลตำบลท่าแพ
8097,ท้องถิ่นเทศบาลเมืองทุ่งสง
8098,ท้องถิ่นเทศบาลเมืองปากพนัง
8099,ท้องถิ่นเทศบาลนครนครศรีธรรมราช
8100,จังหวัดกระบี่
8101,อำเภอเมืองกระบี่
8102,อำเภอเขาพนม
8103,อำเภอเกาะลันตา
8104,อำเภอคลองท่อม
8105,อำเภออ่าวลึก
8106,อำเภอปลายพระยา
8107,อำเภอลำทับ
8108,อำเภอเหนือคลอง
8189,ท้องถิ่นเทศบาลตำบลกระบี่น้อย
8190,ท้องถิ่นเทศบาลตำบลเหนือคลอง
8191,ท้องถิ่นเทศบาลตำบลลำทับ
8192,ท้องถิ่นเทศบาลตำบลปลายพระยา
8193,ท้องถิ่นเทศบาลตำบลอ่าวลึกใต้
8194,ท้องถิ่นเทศบาลตำบลแหลมสัก
8195,ท้องถิ่นเทศบาลตำบลคลองพน
8196,ท้องถิ่นเทศบาลตำบลคลองท่อมใต้
8197,ท้องถิ่นเทศบาลตำบลเกาะลันตาใหญ่
8198,ท้องถิ่นเทศบาลตำบลเขาพนม
8199,ท้องถิ่นเทศบาลเมืองกระบี่
8200,จังหวัดพังงา
8201,อำเภอเมืองพังงา
8202,อำเภอเกาะยาว
8203,อำเภอกะปง
8204,อำเภอตะกั่วทุ่ง
8205,อำเภอตะกั่วป่า
8206,อำเภอคุระบุรี
8207,อำเภอทับปุด
8208,อำเภอท้ายเหมือง
8209,กิ่งอำเภอโคกกลอย
8291,ท้องถิ่นเทศบาลตำบลท้ายเหมือง
8292,ท้องถิ่นเทศบาลตำบลทับปุด
8293,ท้องถิ่นเทศบาลตำบลคุระบุรี
8294,ท้องถิ่นเทศบาลตำบลโคกกลอย
8295,ท้องถิ่นเทศบาลตำบลกระโสม
8296,ท้องถิ่นเทศบาลตำบลท่านา
8297,ท้องถิ่นเทศบาลตำบลเกาะยาว
8298,ท้องถิ่นเทศบาลเมืองตะกั่วป่า
8299,ท้องถิ่นเทศบาลเมืองพังงา
8300,จังหวัดภูเก็ต
8301,อำเภอเมืองภูเก็ต
8302,อำเภอกะทู้
8303,อำเภอถลาง
8391,ท้องถิ่นเทศบาลตำบลวิชิต
8392,ท้องถิ่นเทศบาลตำบลราไวย์
8393,ท้องถิ่นเทศบาลตำบลรัษฎา
8394,ท้องถิ่นเทศบาลตำบลเทพกระษัตรี
8395,ท้องถิ่นเทศบาลตำบลเชิงทะเล
8396,ท้องถิ่นเทศบาลเมืองกะทู้
8397,ท้องถิ่นเทศบาลตำบลกะรน
8398,ท้องถิ่นเทศบาลเมืองป่าตอง
8399,ท้องถิ่นเทศบาลนครภูเก็ต
8400,จังหวัดสุราษฎร์ธานี
8401,อำเภอเมืองสุราษฎร์ธานี
8402,อำเภอกาญจนดิษฐ์
8403,อำเภอดอนสัก
8404,อำเภอเกาะสมุย
8405,อำเภอเกาะพะงัน
8406,อำเภอไชยา
8407,อำเภอท่าชนะ
8408,อำเภอคีรีรัฐนิคม
8409,อำเภอบ้านตาขุน
8410,อำเภอพนม
8411,อำเภอท่าฉาง
8412,อำเภอบ้านนาสาร
8413,อำเภอบ้านนาเดิม
8414,อำเภอเคียนซา
8415,อำเภอเวียงสระ
8416,อำเภอพระแสง
8417,อำเภอพุนพิน
8418,อำเภอชัยบุรี
8419,อำเภอวิภาวดี
8420,กิ่งอำเภอท่าโรงช้าง
8421,กิ่งอำเภอบางสวรรค์
8451,สาขาตำบลเกาะเต่า อำเภอเกาะพะงัน
8471,ท้องถิ่นเทศบาลตำบลบ้านเสด็จ
8472,ท้องถิ่นเทศบาลตำบลคลองชะอุ่น
8473,ท้องถิ่นเทศบาลตำบลทุ่งหลวง
8474,ท้องถิ่นเทศบาลตำบลขุนทะเล
8475,ท้องถิ่นเทศบาลตำบลช้างซ้าย
8476,ท้องถิ่นเทศบาลตำบลเขานิพันธ์
8477,ท้องถิ่นเทศบาลตำบลวัดประดู่
8478,ท้องถิ่นเทศบาลตำบลบ้านส้อง
8479,ท้องถิ่นเทศบาลตำบลย่านดินแดง
8480,ท้องถิ่นเทศบาลตำบลบางสวรรค์
8481,ท้องถิ่นเทศบาลตำบลเวียงสระ
8482,ท้องถิ่นเทศบาลตำบลเคียนซา
8483,ท้องถิ่นเทศบาลตำบลบ้านนา
8484,ท้องถิ่นเทศบาลตำบลท่าฉาง
8485,ท้องถิ่นเทศบาลตำบลพนม
8486,ท้องถิ่นเทศบาลตำบลบ้านตาขุน
8487,ท้องถิ่นเทศบาลตำบลบ้านเชี่ยวหลาน
8488,ท้องถิ่นเทศบาลตำบลท่าขนอน
8489,ท้องถิ่นเทศบาลตำบลท่าชนะ
8490,ท้องถิ่นเทศบาลตำบลพุมเรียง
8491,ท้องถิ่นเทศบาลตำบลตลาดไชยา
8492,ท้องถิ่นเทศบาลตำบลเกาะพะงัน
8493,ท้องถิ่นเทศบาลนครเกาะสมุย
8494,ท้องถิ่นเทศบาลเมืองดอนสัก
8495,ท้องถิ่นเทศบาลตำบลท่าทองใหม่
8496,ท้องถิ่นเทศบาลตำบลกาญจนดิษฐ์
8497,ท้องถิ่นเทศบาลเมืองท่าข้าม
8498,ท้องถิ่นเทศบาลเมืองนาสาร
8499,ท้องถิ่นเทศบาลนครสุราษฎร์ธานี
8500,จังหวัดระนอง
8501,อำเภอเมืองระนอง
8502,อำเภอละอุ่น
8503,อำเภอกะเปอร์
8504,อำเภอกระบุรี
8505,อำเภอสุขสำราญ
8593,ท้องถิ่นเทศบาลตำบลบางริ้น
8594,ท้องถิ่นเทศบาลตำบลน้ำจืด
8595,ท้องถิ่นเทศบาลตำบลกะเปอร์
8596,ท้องถิ่นเทศบาลตำบลละอุ่น
8597,ท้องถิ่นเทศบาลตำบลหงาว
8598,ท้องถิ่นเทศบาลตำบลปากน้ำ
8599,ท้องถิ่นเทศบาลเมืองระนอง
8600,จังหวัดชุมพร
8601,อำเภอเมืองชุมพร
8602,อำเภอท่าแซะ
8603,อำเภอปะทิว
8604,อำเภอหลังสวน
8605,อำเภอละแม
8606,อำเภอพะโต๊ะ
8607,อำเภอสวี
8608,อำเภอทุ่งตะโก
8685,ท้องถิ่นเทศบาลตำบลท่ายาง
8686,ท้องถิ่นเทศบาลตำบลปากตะโก
8687,ท้องถิ่นเทศบาลตำบลนาโพธิ์
8688,ท้องถิ่นเทศบาลตำบลพะโต๊ะ
8689,ท้องถิ่นเทศบาลตำบลละแม
8690,ท้องถิ่นเทศบาลตำบลปากน้ำหลังสวน
8691,ท้องถิ่นเทศบาลตำบลสะพลี
8692,ท้องถิ่นเทศบาลตำบลมาบอำมฤต
8693,ท้องถิ่นเทศบาลตำบลปะทิว
8694,ท้องถิ่นเทศบาลตำบลเนินสันติ
8695,ท้องถิ่นเทศบาลตำบลท่าแซะ
8696,ท้องถิ่นเทศบาลตำบลวังไผ่
8697,ท้องถิ่นเทศบาลตำบลปากน้ำชุมพร
8698,ท้องถิ่นเทศบาลเมืองหลังสวน
8699,ท้องถิ่นเทศบาลเมืองชุมพร
9000,จังหวัดสงขลา
9001,อำเภอเมืองสงขลา
9002,อำเภอสทิงพระ
9003,อำเภอจะนะ
9004,อำเภอนาทวี
9005,อำเภอเทพา
9006,อำเภอสะบ้าย้อย
9007,อำเภอระโนด
9008,อำเภอกระแสสินธุ์
9009,อำเภอรัตภูมิ
9010,อำเภอสะเดา
9011,อำเภอหาดใหญ่
9012,อำเภอนาหม่อม
9013,อำเภอควนเนียง
9014,อำเภอบางกล่ำ
9015,อำเภอสิงหนคร
9016,อำเภอคลองหอยโข่ง
9017,กิ่งอำเภอศรีวิชัย
9066,ท้องถิ่นเทศบาลเมืองทุ่งตำเสา
9067,ท้องถิ่นเทศบาลตำบลโคกม่วง
9068,ท้องถิ่นเทศบาลตำบลทุ่งลาน
9069,ท้องถิ่นเทศบาลตำบลเกาะแต้ว
9070,ท้องถิ่นเทศบาลตำบลคูเต่า
9071,ท้องถิ่นเทศบาลตำบลท่าช้าง
9072,ท้องถิ่นเทศบาลตำบลน้ำน้อย
9073,ท้องถิ่นเทศบาลตำบลลำไพล
9074,ท้องถิ่นเทศบาลตำบลบ้านไร่
9075,ท้องถิ่นเทศบาลตำบลพะวง
9076,ท้องถิ่นเทศบาลเมืองเขารูปช้าง
9077,ท้องถิ่นเทศบาลตำบลสำนักขาม
9078,ท้องถิ่นเทศบาลเมืองคลองแห
9079,ท้องถิ่นเทศบาลเมืองควนลัง
9080,ท้องถิ่นเทศบาลเมืองคอหงส์
9081,ท้องถิ่นเทศบาลเมืองสิงหนคร
9082,ท้องถิ่นเทศบาลตำบลควนเนียง
9083,ท้องถิ่นเทศบาลตำบลพะตง
9084,ท้องถิ่นเทศบาลตำบลคลองแงะ
9085,ท้องถิ่นเทศบาลเมืองปาดังเบซาร์
9086,ท้องถิ่นเทศบาลตำบลปริก
9087,ท้องถิ่นเทศบาลตำบลนาสีทอง
9088,ท้องถิ่นเทศบาลตำบลกำแพงเพชร
9089,ท้องถิ่นเทศบาลตำบลระโนด
9090,ท้องถิ่นเทศบาลตำบลบ่อตรุ
9091,ท้องถิ่นเทศบาลตำบลสะบ้าย้อย
9092,ท้องถิ่นเทศบาลตำบลเทพา
9093,ท้องถิ่นเทศบาลตำบลนาทวี
9094,ท้องถิ่นเทศบาลตำบลจะนะ
9095,ท้องถิ่นเทศบาลตำบลสทิงพระ
9096,ท้องถิ่นเทศบาลเมืองบ้านพรุ
9097,ท้องถิ่นเทศบาลเมืองสะเดา
9098,ท้องถิ่นเทศบาลนครหาดใหญ่
9099,ท้องถิ่นเทศบาลนครสงขลา
9100,จังหวัดสตูล
9101,อำเภอเมืองสตูล
9102,อำเภอควนโดน
9103,อำเภอควนกาหลง
9104,อำเภอท่าแพ
9105,อำเภอละงู
9106,อำเภอทุ่งหว้า
9107,อำเภอมะนัง
9193,ท้องถิ่นเทศบาลตำบลคลองขุด
9194,ท้องถิ่นเทศบาลตำบลทุ่งหว้า
9195,ท้องถิ่นเทศบาลตำบลกำแพง
9196,ท้องถิ่นเทศบาลตำบลควนโดน
9197,ท้องถิ่นเทศบาลตำบลฉลุง
9198,ท้องถิ่นเทศบาลตำบลเจ๊ะบิลัง
9199,ท้องถิ่นเทศบาลเมืองสตูล
9200,จังหวัดตรัง
9201,อำเภอเมืองตรัง
9202,อำเภอกันตัง
9203,อำเภอย่านตาขาว
9204,อำเภอปะเหลียน
9205,อำเภอสิเกา
9206,อำเภอห้วยยอด
9207,อำเภอวังวิเศษ
9208,อำเภอนาโยง
9209,อำเภอรัษฎา
9210,อำเภอหาดสำราญ
9211,กิ่งอำเภอบางดี
9212,กิ่งอำเภอนาวง
9251,สาขาคลองเต็ง อำเภอเมืองตรัง
9286,ท้องถิ่นเทศบาลตำบลคลองปาง
9287,ท้องถิ่นเทศบาลตำบลนาโยงเหนือ
9288,ท้องถิ่นเทศบาลตำบลวังวิเศษ
9289,ท้องถิ่นเทศบาลตำบลลำภูรา
9290,ท้องถิ่นเทศบาลตำบลนาวง
9291,ท้องถิ่นเทศบาลตำบลสิเกา
9292,ท้องถิ่นเทศบาลตำบลควนกุน
9293,ท้องถิ่นเทศบาลตำบลทุ่งยาว
9294,ท้องถิ่นเทศบาลตำบลท่าข้าม
9295,ท้องถิ่นเทศบาลตำบลย่านตาขาว
9296,ท้องถิ่นเทศบาลตำบลคลองเต็ง
9297,ท้องถิ่นเทศบาลตำบลห้วยยอด
9298,ท้องถิ่นเทศบาลเมืองกันตัง
9299,ท้องถิ่นเทศบาลนครตรัง
9300,จังหวัดพัทลุง
9301,อำเภอเมืองพัทลุง
9302,อำเภอกงหรา
9303,อำเภอเขาชัยสน
9304,อำเภอตะโหมด
9305,อำเภอควนขนุน
9306,อำเภอปากพะยูน
9307,อำเภอศรีบรรพต
9308,อำเภอป่าบอน
9309,อำเภอบางแก้ว
9310,อำเภอป่าพะยอม
9311,อำเภอศรีนครินทร์
9312,กิ่งอำเภอช่วยทุกข์ราษฎร์
9382,ท้องถิ่นเทศบาลตำบลเขาหัวช้าง
9383,ท้องถิ่นเทศบาลตำบลชะรัด
9384,ท้องถิ่นเทศบาลตำบลหารเทา
9385,ท้องถิ่นเทศบาลตำบลบางแก้ว
9386,ท้องถิ่นเทศบาลตำบลอ่าวพะยูน
9387,ท้องถิ่นเทศบาลตำบลชุมพล
9388,ท้องถิ่นเทศบาลตำบลโคกม่วง
9389,ท้องถิ่นเทศบาลตำบลบ้านนา
9390,ท้องถิ่นเทศบาลตำบลลานข่อย
9391,ท้องถิ่นเทศบาลตำบลท่ามะเดื่อ
9392,ท้องถิ่นเทศบาลตำบลป่าบอน
9393,ท้องถิ่นเทศบาลตำบลปากพะยูน
9394,ท้องถิ่นเทศบาลตำบลมะกอกเหนือ
9395,ท้องถิ่นเทศบาลตำบลควนขนุน
9396,ท้องถิ่นเทศบาลตำบลแม่ขรี
9397,ท้องถิ่นเทศบาลตำบลตะโหมด
9398,ท้องถิ่นเทศบาลตำบลเขาชัยสน
9399,ท้องถิ่นเทศบาลเมืองพัทลุง
9400,จังหวัดปัตตานี
9401,อำเภอเมืองปัตตานี
9402,อำเภอโคกโพธิ์
9403,อำเภอหนองจิก
9404,อำเภอปะนาเระ
9405,อำเภอมายอ
9406,อำเภอทุ่งยางแดง
9407,อำเภอสายบุรี
9408,อำเภอไม้แก่น
9409,อำเภอยะหริ่ง
9410,อำเภอยะรัง
9411,อำเภอกะพ้อ
9412,อำเภอแม่ลาน
9488,ท้องถิ่นเทศบาลตำบลยะรัง
9489,ท้องถิ่นเทศบาลตำบลยะหริ่ง
9490,ท้องถิ่นเทศบาลตำบลบางปู
9491,ท้องถิ่นเทศบาลตำบลตันหยง
9492,ท้องถิ่นเทศบาลตำบลมายอ
9493,ท้องถิ่นเทศบาลตำบลปะนาเระ
9494,ท้องถิ่นเทศบาลตำบลหนองจิก
9495,ท้องถิ่นเทศบาลตำบลบ่อทอง
9496,ท้องถิ่นเทศบาลตำบลนาประดู่
9497,ท้องถิ่นเทศบาลตำบลโคกโพธิ์
9498,ท้องถิ่นเทศบาลเมืองตะลุบัน
9499,ท้องถิ่นเทศบาลเมืองปัตตานี
9500,จังหวัดยะลา
9501,อำเภอเมืองยะลา
9502,อำเภอเบตง
9503,อำเภอบันนังสตา
9504,อำเภอธารโต
9505,อำเภอยะหา
9506,อำเภอรามัน
9507,อำเภอกาบัง
9508,อำเภอกรงปินัง
9590,ท้องถิ่นเทศบาลเมืองสะเตงนอก
9591,ท้องถิ่นเทศบาลตำบลเขื่อนบางลาง
9592,ท้องถิ่นเทศบาลตำบลโกตาบารู
9593,ท้องถิ่นเทศบาลตำบลเมืองรามันห์
9594,ท้องถิ่นเทศบาลตำบลยะหา
9595,ท้องถิ่นเทศบาลตำบลคอกช้าง
9596,ท้องถิ่นเทศบาลตำบลบันนังสตา
9597,ท้องถิ่นเทศบาลตำบลลำใหม่
9598,ท้องถิ่นเทศบาลเมืองเบตง
9599,ท้องถิ่นเทศบาลนครยะลา
9600,จังหวัดนราธิวาส
9601,อำเภอเมืองนราธิวาส
9602,อำเภอตากใบ
9603,อำเภอบาเจาะ
9604,อำเภอยี่งอ
9605,อำเภอระแงะ
9606,อำเภอรือเสาะ
9607,อำเภอศรีสาคร
9608,อำเภอแว้ง
9609,อำเภอสุคิริน
9610,อำเภอสุไหงโกลก
9611,อำเภอสุไหงปาดี
9612,อำเภอจะแนะ
9613,อำเภอเจาะไอร้อง
9686,ท้องถิ่นเทศบาลตำบลปะลุรู
9687,ท้องถิ่นเทศบาลตำบลสุคิริน
9688,ท้องถิ่นเทศบาลตำบลแว้ง
9689,ท้องถิ่นเทศบาลตำบลบูเก๊ะตา
9690,ท้องถิ่นเทศบาลตำบลศรีสาคร
9691,ท้องถิ่นเทศบาลตำบลรือเสาะ
9692,ท้องถิ่นเทศบาลตำบลมะรือโบตก
9693,ท้องถิ่นเทศบาลตำบลตันหยงมัส
9694,ท้องถิ่นเทศบาลตำบลยี่งอ
9695,ท้องถิ่นเทศบาลตำบลบาเจาะ
9696,ท้องถิ่นเทศบาลตำบลต้นไทร
9697,ท้องถิ่นเทศบาลเมืองตากใบ
9698,ท้องถิ่นเทศบาลเมืองสุไหงโกลก
9699,ท้องถิ่นเทศบาลเมืองนราธิวาส
